月日,時刻,子ユーザ,入力値,コマンド,ParamList,LCResult,KNo,ResultList,KNoList,WinVer,KurumaInfo,Win64,UKey,parSyadaiNo,HinList,MkrList,date
2021-07-10,13:41:23,Taiyoubuhinten-1,,ログアウト,"['', '']",lcLoggedIn,,"['', '']","['', '']",,"['', '']",,"['', '']",,[''],[''],2021-07-10 13:41:23
2021-07-10,16:48:28,Taiyoubuhinten-1,,ログアウト,"['', '']",lcLoggedIn,,"['', '']","['', '']",,"['', '']",,"['', '']",,[''],[''],2021-07-10 16:48:28
2021-07-12,17:51:16,Taiyoubuhinten-1,,ログアウト,"['', '']",lcLoggedIn,,"['', '']","['', '']",,"['', '']",,"['', '']",,[''],[''],2021-07-12 17:51:16
2021-07-13,17:43:07,Taiyoubuhinten-1,,ログアウト,"['', '']",lcLoggedIn,,"['', '']","['', '']",,"['', '']",,"['', '']",,[''],[''],2021-07-13 17:43:07
2021-07-14,17:45:27,Taiyoubuhinten-1,,ログアウト,"['', '']",lcLoggedIn,,"['', '']","['', '']",,"['', '']",,"['', '']",,[''],[''],2021-07-14 17:45:27
2021-07-16,08:30:44,Taiyoubuhinten-1,,ログイン３,"['', '']",,,"['taiyoubuhinten', '0988961262', '', 'ucOkSingle', 'lcNotLogin', 'ukcMatch', 'fkey2.ini', 'v8net.exe', '19700101090000', '20210629172421', ' ']","['', '']",wvWin7 ,"['', '']",0 ,"['F8-0F-41-B8-E9-89\xa0', '\xa0A6-A3-20-52-41-53\xa0', '\xa074-27-EA-D2-72-35\xa0', '\xa000-FF-80-75-32-89']",,[''],[''],2021-07-16 08:30:44
2021-07-17,11:33:17,Taiyoubuhinten-1,,ログアウト,"['', '']",lcLoggedIn,,"['', '']","['', '']",,"['', '']",,"['', '']",,[''],[''],2021-07-17 11:33:17
2021-07-17,17:19:54,Taiyoubuhinten-1,,ログアウト,"['', '']",lcLoggedIn,,"['', '']","['', '']",,"['', '']",,"['', '']",,[''],[''],2021-07-17 17:19:54
2021-07-19,17:50:50,Taiyoubuhinten-1,,ログアウト,"['', '']",lcLoggedIn,,"['', '']","['', '']",,"['', '']",,"['', '']",,[''],[''],2021-07-19 17:50:50
2021-07-20,17:34:52,Taiyoubuhinten-1,,ログアウト,"['', '']",lcLoggedIn,,"['', '']","['', '']",,"['', '']",,"['', '']",,[''],[''],2021-07-20 17:34:52
2021-07-21,15:12:11,Taiyoubuhinten-1,,ログアウト,"['', '']",lcLoggedIn,,"['', '']","['', '']",,"['', '']",,"['', '']",,[''],[''],2021-07-21 15:12:11
2021-07-24,11:21:04,Taiyoubuhinten-1,,ログアウト,"['', '']",lcLoggedIn,,"['', '']","['', '']",,"['', '']",,"['', '']",,[''],[''],2021-07-24 11:21:04
2021-07-24,17:21:10,Taiyoubuhinten-1,,ログアウト,"['', '']",lcLoggedIn,,"['', '']","['', '']",,"['', '']",,"['', '']",,[''],[''],2021-07-24 17:21:10
2021-07-26,17:43:43,Taiyoubuhinten-1,,ログアウト,"['', '']",lcLoggedIn,,"['', '']","['', '']",,"['', '']",,"['', '']",,[''],[''],2021-07-26 17:43:43
2021-07-27,17:48:02,Taiyoubuhinten-1,,ログアウト,"['', '']",lcLoggedIn,,"['', '']","['', '']",,"['', '']",,"['', '']",,[''],[''],2021-07-27 17:48:02
2021-07-28,17:52:38,Taiyoubuhinten-1,,ログアウト,"['', '']",lcLoggedIn,,"['', '']","['', '']",,"['', '']",,"['', '']",,[''],[''],2021-07-28 17:52:38
2021-07-29,17:45:55,Taiyoubuhinten-1,,ログアウト,"['', '']",lcLoggedIn,,"['', '']","['', '']",,"['', '']",,"['', '']",,[''],[''],2021-07-29 17:45:55
2021-07-31,09:03:45,Taiyoubuhinten-1,,ログアウト,"['', '']",lcLoggedIn,,"['', '']","['', '']",,"['', '']",,"['', '']",,[''],[''],2021-07-31 09:03:45
2021-07-31,17:26:57,Taiyoubuhinten-1,,ログアウト,"['', '']",lcLoggedIn,,"['', '']","['', '']",,"['', '']",,"['', '']",,[''],[''],2021-07-31 17:26:57
2021-08-02,17:28:17,Taiyoubuhinten-1,,ログアウト,"['', '']",lcLoggedIn,,"['', '']","['', '']",,"['', '']",,"['', '']",,[''],[''],2021-08-02 17:28:17
2021-08-03,17:04:47,Taiyoubuhinten-1,,ログアウト,"['', '']",lcLoggedIn,,"['', '']","['', '']",,"['', '']",,"['', '']",,[''],[''],2021-08-03 17:04:47
2021-08-04,17:31:35,Taiyoubuhinten-1,,ログアウト,"['', '']",lcLoggedIn,,"['', '']","['', '']",,"['', '']",,"['', '']",,[''],[''],2021-08-04 17:31:35
2021-08-05,17:54:35,Taiyoubuhinten-1,,ログアウト,"['', '']",lcLoggedIn,,"['', '']","['', '']",,"['', '']",,"['', '']",,[''],[''],2021-08-05 17:54:35
2021-08-07,08:20:54,Taiyoubuhinten-1,,ログイン３,"['', '']",,,"['taiyoubuhinten-1', '0988961262', '', 'ucOkMultiChild', 'lcNotLogin', 'ukcMatch', 'fkey2.ini', 'v8net.exe', '19700101090000', '20210629172421', ' ']","['', '']",wvWin7 ,"['', '']",0 ,"['F8-0F-41-B8-E9-89\xa0', '\xa02A-4A-20-52-41-53\xa0', '\xa074-27-EA-D2-72-35\xa0', '\xa000-FF-98-3C-14-8A']",,[''],[''],2021-08-07 08:20:54
2021-08-07,17:15:13,Taiyoubuhinten-1,,ログアウト,"['', '']",lcLoggedIn,,"['', '']","['', '']",,"['', '']",,"['', '']",,[''],[''],2021-08-07 17:15:13
2021-08-08,12:43:02,Taiyoubuhinten-1,,ログアウト,"['', '']",lcLoggedIn,,"['', '']","['', '']",,"['', '']",,"['', '']",,[''],[''],2021-08-08 12:43:02
2021-08-10,17:05:46,Taiyoubuhinten-1,,ログアウト,"['', '']",lcLoggedIn,,"['', '']","['', '']",,"['', '']",,"['', '']",,[''],[''],2021-08-10 17:05:46
2021-08-11,17:36:00,Taiyoubuhinten-1,,ログアウト,"['', '']",lcLoggedIn,,"['', '']","['', '']",,"['', '']",,"['', '']",,[''],[''],2021-08-11 17:36:00
2021-08-12,17:36:55,Taiyoubuhinten-1,,ログアウト,"['', '']",lcLoggedIn,,"['', '']","['', '']",,"['', '']",,"['', '']",,[''],[''],2021-08-12 17:36:55
2021-08-13,17:57:10,Taiyoubuhinten-1,,ログアウト,"['', '']",lcLoggedIn,,"['', '']","['', '']",,"['', '']",,"['', '']",,[''],[''],2021-08-13 17:57:10
2021-08-14,17:07:37,Taiyoubuhinten-1,,ログアウト,"['', '']",lcLoggedIn,,"['', '']","['', '']",,"['', '']",,"['', '']",,[''],[''],2021-08-14 17:07:37
2021-08-16,14:51:17,Taiyoubuhinten-1,,ログアウト,"['', '']",lcLoggedIn,,"['', '']","['', '']",,"['', '']",,"['', '']",,[''],[''],2021-08-16 14:51:17
2021-08-17,17:55:11,Taiyoubuhinten-1,,ログアウト,"['', '']",lcLoggedIn,,"['', '']","['', '']",,"['', '']",,"['', '']",,[''],[''],2021-08-17 17:55:11
2021-08-18,16:53:20,Taiyoubuhinten-1,,ログアウト,"['', '']",lcLoggedIn,,"['', '']","['', '']",,"['', '']",,"['', '']",,[''],[''],2021-08-18 16:53:20
2021-08-19,17:52:54,Taiyoubuhinten-1,,ログイン３,"['', '']",,,"['Taiyoubuhinten-1', '0988961262', '', 'ucOkMultiChild', 'lcNotLogin', 'ukcUnmatchToday', 'fkey2.ini', 'v8net.exe', '19700101090000', '20210629172421', ' ']","['', '']",wvWin10 ,"['', '']",1 ,['B0-22-7A-24-96-59'],,[''],[''],2021-08-19 17:52:54
2021-08-20,17:52:06,Taiyoubuhinten-1,,ログアウト,"['', '']",lcLoggedIn,,"['', '']","['', '']",,"['', '']",,"['', '']",,[''],[''],2021-08-20 17:52:06
2021-08-21,17:08:06,Taiyoubuhinten-1,,ログアウト,"['', '']",lcLoggedIn,,"['', '']","['', '']",,"['', '']",,"['', '']",,[''],[''],2021-08-21 17:08:06
2021-08-24,17:02:34,Taiyoubuhinten-1,,ログイン３,"['', '']",,,"['Taiyoubuhinten-1', '0988961262', '', 'ucOkMultiChild', 'lcNotLogin', 'ukcMatch', 'fkey2.ini', 'v8net.exe', '19700101090000', '20210629172421', ' ']","['', '']",wvWin10 ,"['', '']",1 ,['B0-22-7A-24-96-59'],,[''],[''],2021-08-24 17:02:34
2021-08-25,17:31:19,Taiyoubuhinten-1,,ログアウト,"['', '']",lcLoggedIn,,"['', '']","['', '']",,"['', '']",,"['', '']",,[''],[''],2021-08-25 17:31:19
2021-08-26,17:35:30,Taiyoubuhinten-1,,ログアウト,"['', '']",lcLoggedIn,,"['', '']","['', '']",,"['', '']",,"['', '']",,[''],[''],2021-08-26 17:35:30
2021-08-27,17:45:55,Taiyoubuhinten-1,,ログアウト,"['', '']",lcLoggedIn,,"['', '']","['', '']",,"['', '']",,"['', '']",,[''],[''],2021-08-27 17:45:55
2021-08-28,17:22:17,Taiyoubuhinten-1,,ログアウト,"['', '']",lcLoggedIn,,"['', '']","['', '']",,"['', '']",,"['', '']",,[''],[''],2021-08-28 17:22:17
2021-08-30,11:59:34,Taiyoubuhinten-1,,ログアウト,"['', '']",lcLoggedIn,,"['', '']","['', '']",,"['', '']",,"['', '']",,[''],[''],2021-08-30 11:59:34
2021-08-31,15:58:48,Taiyoubuhinten-1,,部品検索,"['', '']",,119090 ,"['', '']","['', '']",,"['', '']",,"['', '']",0,"['6801', '6802', '6803', '6804', '6841', '6842', '6843', '6844 ']","['2380', '2380', '2380', '2380', '2380', '2380', '2380', '2380 ']",2021-08-31 15:58:48
2021-09-01,16:22:00,Taiyoubuhinten-1,,ログアウト,"['', '']",lcLoggedIn,,"['', '']","['', '']",,"['', '']",,"['', '']",,[''],[''],2021-09-01 16:22:00
2021-09-02,17:54:30,Taiyoubuhinten-1,,ログアウト,"['', '']",lcLoggedIn,,"['', '']","['', '']",,"['', '']",,"['', '']",,[''],[''],2021-09-02 17:54:30
2021-09-03,17:37:53,Taiyoubuhinten-1,,ログアウト,"['', '']",lcLoggedIn,,"['', '']","['', '']",,"['', '']",,"['', '']",,[''],[''],2021-09-03 17:37:53
2021-09-04,17:14:35,Taiyoubuhinten-1,,ログアウト,"['', '']",lcLoggedIn,,"['', '']","['', '']",,"['', '']",,"['', '']",,[''],[''],2021-09-04 17:14:35
2021-09-06,10:44:12,Taiyoubuhinten-1,,ログアウト,"['', '']",lcLoggedIn,,"['', '']","['', '']",,"['', '']",,"['', '']",,[''],[''],2021-09-06 10:44:12
2021-09-07,14:05:46,Taiyoubuhinten-1,,ログアウト,"['', '']",lcLoggedIn,,"['', '']","['', '']",,"['', '']",,"['', '']",,[''],[''],2021-09-07 14:05:46
2021-09-08,17:59:24,Taiyoubuhinten-1,,ログアウト,"['', '']",lcLoggedIn,,"['', '']","['', '']",,"['', '']",,"['', '']",,[''],[''],2021-09-08 17:59:24
2021-09-09,17:34:38,Taiyoubuhinten-1,,ログアウト,"['', '']",lcLoggedIn,,"['', '']","['', '']",,"['', '']",,"['', '']",,[''],[''],2021-09-09 17:34:38
2021-09-10,17:45:24,Taiyoubuhinten-1,,ログアウト,"['', '']",lcLoggedIn,,"['', '']","['', '']",,"['', '']",,"['', '']",,[''],[''],2021-09-10 17:45:24
2021-09-11,17:03:12,Taiyoubuhinten-1,,ログアウト,"['', '']",lcLoggedIn,,"['', '']","['', '']",,"['', '']",,"['', '']",,[''],[''],2021-09-11 17:03:12
2021-09-14,13:04:47,Taiyoubuhinten-1,,ログイン３,"['', '']",,,"['Taiyoubuhinten-1', '0988961262', '', 'ucOkMultiChild', 'lcNotLogin', 'ukcMatch', 'fkey2.ini', 'v8net.exe', '19700101090000', '20210629172421', ' ']","['', '']",wvWin10 ,"['', '']",1 ,['B0-22-7A-24-96-59'],,[''],[''],2021-09-14 13:04:47
2021-09-15,16:56:16,Taiyoubuhinten-1,,積算部品検索,"['', '']",,,"['', '']","['133242', '136383 ']",,"['', '']",,"['', '']",,"['1021', '1025', '1101', '1141', '1181', '1181', '1120', '1121', '1022', '1026', '1102', '1142', '1182', '1182', '1301', '1341', '1381', '1421', '1303', '1302', '1342', '1382', '1422', '1061', '1062', '1061', '1062 ']","['2260', '2260', '4280', '4280', '4280', '2260', '4280', '4280', '2260', '2260', '4280', '4280', '4280', '2260', '2260', '2260', '4280', '4280', '2260', '2260', '2260', '4280', '4280', '1040', '1040', '2260', '2260']",2021-09-15 16:56:16
2021-09-16,17:24:32,Taiyoubuhinten-1,,ログアウト,"['', '']",lcLoggedIn,,"['', '']","['', '']",,"['', '']",,"['', '']",,[''],[''],2021-09-16 17:24:32
2021-09-17,17:51:29,Taiyoubuhinten-1,,ログアウト,"['', '']",lcLoggedIn,,"['', '']","['', '']",,"['', '']",,"['', '']",,[''],[''],2021-09-17 17:51:29
2021-09-18,17:01:25,Taiyoubuhinten-1,,ログアウト,"['', '']",lcLoggedIn,,"['', '']","['', '']",,"['', '']",,"['', '']",,[''],[''],2021-09-18 17:01:25
2021-09-21,11:59:09,Taiyoubuhinten-1,,ログアウト,"['', '']",lcLoggedIn,,"['', '']","['', '']",,"['', '']",,"['', '']",,[''],[''],2021-09-21 11:59:09
2021-09-22,15:47:03,Taiyoubuhinten-1,,ログアウト,"['', '']",lcLoggedIn,,"['', '']","['', '']",,"['', '']",,"['', '']",,[''],[''],2021-09-22 15:47:03
2021-09-22,17:21:10,Taiyoubuhinten-1,,ログアウト,"['', '']",lcLoggedIn,,"['', '']","['', '']",,"['', '']",,"['', '']",,[''],[''],2021-09-22 17:21:10
2021-09-24,17:39:09,Taiyoubuhinten-1,,ログアウト,"['', '']",lcLoggedIn,,"['', '']","['', '']",,"['', '']",,"['', '']",,[''],[''],2021-09-24 17:39:09
2021-09-25,16:55:30,Taiyoubuhinten-1,,ログアウト,"['', '']",lcLoggedIn,,"['', '']","['', '']",,"['', '']",,"['', '']",,[''],[''],2021-09-25 16:55:30
2021-09-28,10:41:11,Taiyoubuhinten-1,,積算部品検索,"['', '']",,,"['', '']","['145592', '153035', '154631 ']",,"['', '']",,"['', '']",,"['1800', '1801', '1802', '1803', '1804', '1805', '1806', '1807', '1840', '1900', '1880', '1920', '1840', '1880', '1900', '1920', '1960', '2000', '2001', '2002', '2003', '2004', '2005', '2006', '2007 ']","['4260', '4260', '4260', '4260', '4260', '4260', '4260', '4260', '4260', '4260', '4260', '4260', '1040', '1040', '1040', '1040', '1040', '1040', '1040', '1040', '1040', '1040', '1040', '1040', '1040']",2021-09-28 10:41:11
2021-09-29,14:28:59,Taiyoubuhinten-1,,積算部品検索,"['', '']",,,"['', '']","['141274', '141275', '145313', '145314', '145315', '145504', '145505', '148171 ']",,"['', '']",,"['', '']",,"['1021', '1022', '1301', '1341', '1303', '1302', '1342 ']","['3940', '3940', '3940', '3940', '3940', '3940', '3940']",2021-09-29 14:28:59
2021-09-30,16:58:09,Taiyoubuhinten-1,,ログアウト,"['', '']",lcLoggedIn,,"['', '']","['', '']",,"['', '']",,"['', '']",,[''],[''],2021-09-30 16:58:09
2021-10-01,17:37:23,Taiyoubuhinten-1,,ログアウト,"['', '']",lcLoggedIn,,"['', '']","['', '']",,"['', '']",,"['', '']",,[''],[''],2021-10-01 17:37:23
2021-10-02,17:11:26,Taiyoubuhinten-1,,ログアウト,"['', '']",lcLoggedIn,,"['', '']","['', '']",,"['', '']",,"['', '']",,[''],[''],2021-10-02 17:11:26
2021-10-05,09:05:17,Taiyoubuhinten-1,,ログイン３,"['', '']",,,"['Taiyoubuhinten-1', '0988961262', '', 'ucOkMultiChild', 'lcNotLogin', 'ukcMatch', 'fkey2.ini', 'v8net.exe', '19700101090000', '20210629172421', ' ']","['', '']",wvWin10 ,"['', '']",1 ,['B0-22-7A-24-96-59'],,[''],[''],2021-10-05 09:05:17
2021-10-06,13:08:40,Taiyoubuhinten-1,ZRR70,車輌検索,"['', '', 'ZRR70', '', '', '0', '500 ']",,,"['', '']","['', '']",,"['126548', '1', 'ﾄﾖﾀ', '103', 'ﾉｱ 2000 DOHC', '15737', '0001-0020', 'DBA-ZRR70G', '0706', '1004', '3ZRFE', '2000']",,"['', '']",,[''],[''],2021-10-06 13:08:40
2021-10-07,16:31:19,Taiyoubuhinten-1,,ログイン３,"['', '']",,,"['Taiyoubuhinten-1', '0988961262', '', 'ucOkMultiChild', 'lcNotLogin', 'ukcMatch', 'fkey2.ini', 'v8net.exe', '19700101090000', '20210629172421', ' ']","['', '']",wvWin10 ,"['', '']",1 ,['B0-22-7A-24-96-59'],,[''],[''],2021-10-07 16:31:19
2021-10-08,17:49:58,Taiyoubuhinten-1,,ログアウト,"['', '']",lcLoggedIn,,"['', '']","['', '']",,"['', '']",,"['', '']",,[''],[''],2021-10-08 17:49:58
2021-10-09,17:10:24,Taiyoubuhinten-1,,ログアウト,"['', '']",lcLoggedIn,,"['', '']","['', '']",,"['', '']",,"['', '']",,[''],[''],2021-10-09 17:10:24
2021-10-11,17:42:09,Taiyoubuhinten-1,,ログアウト,"['', '']",lcLoggedIn,,"['', '']","['', '']",,"['', '']",,"['', '']",,[''],[''],2021-10-11 17:42:09
2021-10-13,11:49:25,Taiyoubuhinten-1,,部品検索,"['', '']",,138124 ,"['', '']","['', '']",,"['', '']",,"['', '']",0,"['1800', '1801', '1802', '1803', '1804', '1805', '1806', '1807', '1840', '1900', '1880', '1920', '1840', '1880', '1900', '1920', '1960', '2000', '2001', '2002', '2003', '2004', '2005', '2006', '2007 ']","['4260', '4260', '4260', '4260', '4260', '4260', '4260', '4260', '4260', '4260', '4260', '4260', '1040', '1040', '1040', '1040', '1040', '1040', '1040', '1040', '1040', '1040', '1040', '1040', '1040 ']",2021-10-13 11:49:25
2021-10-14,15:34:09,Taiyoubuhinten-1,,ログイン３,"['', '']",,,"['Taiyoubuhinten-1', '0988961262', '', 'ucOkMultiChild', 'lcNotLogin', 'ukcMatch', 'fkey2.ini', 'v8net.exe', '19700101090000', '20210629172421', ' ']","['', '']",wvWin10 ,"['', '']",1 ,['B0-22-7A-24-96-59'],,[''],[''],2021-10-14 15:34:09
2021-10-15,17:05:49,Taiyoubuhinten-1,,ログアウト,"['', '']",lcLoggedIn,,"['', '']","['', '']",,"['', '']",,"['', '']",,[''],[''],2021-10-15 17:05:49
2021-10-16,17:01:44,Taiyoubuhinten-1,,ログアウト,"['', '']",lcLoggedIn,,"['', '']","['', '']",,"['', '']",,"['', '']",,[''],[''],2021-10-16 17:01:44
2021-10-18,17:02:29,Taiyoubuhinten-1,,ログアウト,"['', '']",lcLoggedIn,,"['', '']","['', '']",,"['', '']",,"['', '']",,[''],[''],2021-10-18 17:02:29
2021-10-20,10:18:34,Taiyoubuhinten-1,,ログアウト,"['', '']",lcLoggedIn,,"['', '']","['', '']",,"['', '']",,"['', '']",,[''],[''],2021-10-20 10:18:34
2021-10-21,14:08:52,Taiyoubuhinten-1,,積算部品検索,"['', '']",,,"['', '']","['142046', '142047', '142048', '142049', '142050', '142051', '142052', '142053', '147396', '147397', '149488', '149489', '147698', '147699', '147700', '147701', '147702', '147703', '147704', '147705', '147706', '149913', '149914', '149915', '149916', '149917', '149918', '149919', '149920', '149921', '149922', '149923', '149924', '150133', '150137', '152979', '152980', '152981', '152982', '152983', '152984', '152985', '153650', '153651', '153652', '154868', '154869', '156988', '156989', '156990', '156991', '156992', '156993', '156994', '156995', '156996', '156997', '156998 ']",,"['', '']",,"['', '']",,"['1660', '1680', '1700', '1720', '1721', '1722', '1723 ']","['2400', '2400', '2400', '2400', '2400', '2400', '2400']",2021-10-21 14:08:52
2021-10-22,17:17:07,Taiyoubuhinten-1,,ログアウト,"['', '']",lcLoggedIn,,"['', '']","['', '']",,"['', '']",,"['', '']",,[''],[''],2021-10-22 17:17:07
2021-10-23,17:22:16,Taiyoubuhinten-1,,ログアウト,"['', '']",lcLoggedIn,,"['', '']","['', '']",,"['', '']",,"['', '']",,[''],[''],2021-10-23 17:22:16
2021-10-25,17:02:17,Taiyoubuhinten-1,,ログアウト,"['', '']",lcLoggedIn,,"['', '']","['', '']",,"['', '']",,"['', '']",,[''],[''],2021-10-25 17:02:17
2021-10-27,09:06:22,Taiyoubuhinten-1,,ログアウト,"['', '']",lcLoggedIn,,"['', '']","['', '']",,"['', '']",,"['', '']",,[''],[''],2021-10-27 09:06:22
2021-10-28,11:52:59,Taiyoubuhinten-1,,ログアウト,"['', '']",lcLoggedIn,,"['', '']","['', '']",,"['', '']",,"['', '']",,[''],[''],2021-10-28 11:52:59
2021-10-29,16:40:51,Taiyoubuhinten-1,,積算部品検索,"['', '']",,,"['', '']","['112210', '114186', '114187', '123893', '123894', '136586', '134073', '139454', '112211', '114188', '114189', '123895', '123896 ']",,"['', '']",,"['', '']",,"['6801', '6802', '6803', '6804', '6841', '6842', '6843', '6844 ']","['2380', '2380', '2380', '2380', '2380', '2380', '2380', '2380']",2021-10-29 16:40:51
2021-10-30,17:44:15,Taiyoubuhinten-1,,ログアウト,"['', '']",lcLoggedIn,,"['', '']","['', '']",,"['', '']",,"['', '']",,[''],[''],2021-10-30 17:44:15
2021-11-01,17:34:04,Taiyoubuhinten-1,,ログアウト,"['', '']",lcLoggedIn,,"['', '']","['', '']",,"['', '']",,"['', '']",,[''],[''],2021-11-01 17:34:04
2021-11-02,17:06:22,Taiyoubuhinten-1,,ログアウト,"['', '']",lcLoggedIn,,"['', '']","['', '']",,"['', '']",,"['', '']",,[''],[''],2021-11-02 17:06:22
2021-11-04,11:29:29,Taiyoubuhinten-1,,ログアウト,"['', '']",lcLoggedIn,,"['', '']","['', '']",,"['', '']",,"['', '']",,[''],[''],2021-11-04 11:29:29
2021-11-05,15:08:39,Taiyoubuhinten-1,,ログイン３,"['', '']",,,"['Taiyoubuhinten-1', '0988961262', '', 'ucOkMultiChild', 'lcNotLogin', 'ukcMatch', 'fkey2.ini', 'v8net.exe', '19700101090000', '20210629172421', ' ']","['', '']",wvWin10 ,"['', '']",1 ,['B0-22-7A-24-96-59'],,[''],[''],2021-11-05 15:08:39
2021-11-06,16:54:21,Taiyoubuhinten-1,,ログアウト,"['', '']",lcLoggedIn,,"['', '']","['', '']",,"['', '']",,"['', '']",,[''],[''],2021-11-06 16:54:21
2021-11-08,17:41:59,Taiyoubuhinten-1,,ログアウト,"['', '']",lcLoggedIn,,"['', '']","['', '']",,"['', '']",,"['', '']",,[''],[''],2021-11-08 17:41:59
2021-11-09,17:51:36,Taiyoubuhinten-1,,ログアウト,"['', '']",lcLoggedIn,,"['', '']","['', '']",,"['', '']",,"['', '']",,[''],[''],2021-11-09 17:51:36
2021-11-11,10:01:07,Taiyoubuhinten-1,,ログアウト,"['', '']",lcLoggedIn,,"['', '']","['', '']",,"['', '']",,"['', '']",,[''],[''],2021-11-11 10:01:07
2021-11-12,13:52:26,Taiyoubuhinten-1,AFP616S,互換検索,"[""'AFP-616S'"", '36965442', 'F.ﾃﾞｨｽｸﾊﾟｯﾄ', 'ﾌｼﾞﾌﾞﾚｰｷ', '0']",,,"['', '']","['', '']",,"['', '']",,"['', '']",,[''],[''],2021-11-12 13:52:26
2021-11-13,17:16:50,Taiyoubuhinten-1,,ログアウト,"['', '']",lcLoggedIn,,"['', '']","['', '']",,"['', '']",,"['', '']",,[''],[''],2021-11-13 17:16:50
2021-11-15,17:47:21,Taiyoubuhinten-1,,ログアウト,"['', '']",lcLoggedIn,,"['', '']","['', '']",,"['', '']",,"['', '']",,[''],[''],2021-11-15 17:47:21
2021-11-16,17:39:21,Taiyoubuhinten-1,,ログアウト,"['', '']",lcLoggedIn,,"['', '']","['', '']",,"['', '']",,"['', '']",,[''],[''],2021-11-16 17:39:21
2021-11-18,08:51:18,Taiyoubuhinten-1,,ログアウト,"['', '']",lcLoggedIn,,"['', '']","['', '']",,"['', '']",,"['', '']",,[''],[''],2021-11-18 08:51:18
2021-11-19,12:00:12,Taiyoubuhinten-1,,ログアウト,"['', '']",lcLoggedIn,,"['', '']","['', '']",,"['', '']",,"['', '']",,[''],[''],2021-11-19 12:00:12
2021-11-20,16:19:04,Taiyoubuhinten-1,,積算部品検索,"['', '']",,,"['', '']","['143473', '146533', '146534', '150348', '151814', '153267', '153271', '143474', '153268', '143475', '143476', '153269', '143477', '153270', '143478', '146537', '146538', '150350', '151817', '153277', '153281', '154439', '154442', '143479', '153278', '143480', '143481', '153279', '143482', '153280 ']",,"['', '']",,"['', '']",,"['1660', '1680', '1700', '1720', '1721', '1722', '1723 ']","['2400', '2400', '2400', '2400', '2400', '2400', '2400']",2021-11-20 16:19:04
2021-11-20,17:16:32,Taiyoubuhinten-1,,ログアウト,"['', '']",lcLoggedIn,,"['', '']","['', '']",,"['', '']",,"['', '']",,[''],[''],2021-11-20 17:16:32
2021-11-22,17:35:02,Taiyoubuhinten-1,,ログアウト,"['', '']",lcLoggedIn,,"['', '']","['', '']",,"['', '']",,"['', '']",,[''],[''],2021-11-22 17:35:02
2021-11-24,17:46:33,Taiyoubuhinten-1,,ログアウト,"['', '']",lcLoggedIn,,"['', '']","['', '']",,"['', '']",,"['', '']",,[''],[''],2021-11-24 17:46:33
2021-11-26,11:19:07,Taiyoubuhinten-1,,ログイン３,"['', '']",,,"['Taiyoubuhinten-1', '0988961262', '', 'ucOkMultiChild', 'lcNotLogin', 'ukcMatch', 'fkey2.ini', 'v8net.exe', '19700101090000', '20210629172421', ' ']","['', '']",wvWin10 ,"['', '']",1 ,['B0-22-7A-24-96-59'],,[''],[''],2021-11-26 11:19:07
2021-11-27,14:53:49,Taiyoubuhinten-1,,ログアウト,"['', '']",lcLoggedIn,,"['', '']","['', '']",,"['', '']",,"['', '']",,[''],[''],2021-11-27 14:53:49
2021-11-27,16:29:46,Taiyoubuhinten-1,,ログアウト,"['', '']",lcLoggedIn,,"['', '']","['', '']",,"['', '']",,"['', '']",,[''],[''],2021-11-27 16:29:46
2021-11-29,17:39:09,Taiyoubuhinten-1,,ログアウト,"['', '']",lcLoggedIn,,"['', '']","['', '']",,"['', '']",,"['', '']",,[''],[''],2021-11-29 17:39:09
2021-11-30,16:38:29,Taiyoubuhinten-1,,ログアウト,"['', '']",lcLoggedIn,,"['', '']","['', '']",,"['', '']",,"['', '']",,[''],[''],2021-11-30 16:38:29
2021-12-01,17:43:44,Taiyoubuhinten-1,,ログアウト,"['', '']",lcLoggedIn,,"['', '']","['', '']",,"['', '']",,"['', '']",,[''],[''],2021-12-01 17:43:44
2021-12-03,10:01:10,Taiyoubuhinten-1,,部品検索,"['', '']",,118871 ,"['', '']","['', '']",,"['', '']",,"['', '']",0,"['1800', '1801', '1802', '1803', '1804', '1805', '1806', '1807', '1840', '1900', '1880', '1920', '1840', '1880', '1900', '1920', '1960', '2000', '2001', '2002', '2003', '2004', '2005', '2006', '2007 ']","['4260', '4260', '4260', '4260', '4260', '4260', '4260', '4260', '4260', '4260', '4260', '4260', '1040', '1040', '1040', '1040', '1040', '1040', '1040', '1040', '1040', '1040', '1040', '1040', '1040 ']",2021-12-03 10:01:10
2021-12-04,13:05:41,Taiyoubuhinten-1,,ログイン３,"['', '']",,,"['Taiyoubuhinten-1', '0988961262', '', 'ucOkMultiChild', 'lcNotLogin', 'ukcMatch', 'fkey2.ini', 'v8net.exe', '19700101090000', '20210629172421', ' ']","['', '']",wvWin10 ,"['', '']",1 ,['B0-22-7A-24-96-59'],,[''],[''],2021-12-04 13:05:41
2021-12-04,17:28:38,Taiyoubuhinten-1,,ログアウト,"['', '']",lcLoggedIn,,"['', '']","['', '']",,"['', '']",,"['', '']",,[''],[''],2021-12-04 17:28:38
2021-12-06,17:40:30,Taiyoubuhinten-1,,ログアウト,"['', '']",lcLoggedIn,,"['', '']","['', '']",,"['', '']",,"['', '']",,[''],[''],2021-12-06 17:40:30
2021-12-07,16:36:28,Taiyoubuhinten-1,,ログアウト,"['', '']",lcLoggedIn,,"['', '']","['', '']",,"['', '']",,"['', '']",,[''],[''],2021-12-07 16:36:28
2021-12-08,17:48:54,Taiyoubuhinten-1,,ログアウト,"['', '']",lcLoggedIn,,"['', '']","['', '']",,"['', '']",,"['', '']",,[''],[''],2021-12-08 17:48:54
2021-12-10,08:42:46,Taiyoubuhinten-1,,積算部品検索,"['', '']",,,"['', '']","['133458', '133459', '133460', '133461', '137319', '138344', '145047', '141159', '141160', '141161', '141162', '141163', '141164', '142693', '149172', '149173', '155228', '155229', '155230', '155231', '155232', '155233', '155235', '27652', '145044', '155234 ']",,"['', '']",,"['', '']",,"['1021', '1022', '1301', '1341', '1303', '1302', '1342 ']","['3940', '3940', '3940', '3940', '3940', '3940', '3940']",2021-12-10 08:42:46
2021-12-10,15:56:39,Taiyoubuhinten-1,,ログアウト,"['', '']",lcLoggedIn,,"['', '']","['', '']",,"['', '']",,"['', '']",,[''],[''],2021-12-10 15:56:39
2021-12-16,17:00:48,Taiyoubuhinten-1,,ログアウト,"['', '']",lcLoggedIn,,"['', '']","['', '']",,"['', '']",,"['', '']",,[''],[''],2021-12-16 17:00:48
2021-12-18,11:05:35,Taiyoubuhinten-1,,ログアウト,"['', '']",lcLoggedIn,,"['', '']","['', '']",,"['', '']",,"['', '']",,[''],[''],2021-12-18 11:05:35
2021-12-18,17:08:42,Taiyoubuhinten-1,,ログアウト,"['', '']",lcLoggedIn,,"['', '']","['', '']",,"['', '']",,"['', '']",,[''],[''],2021-12-18 17:08:42
2021-12-20,17:42:51,Taiyoubuhinten-1,,ログアウト,"['', '']",lcLoggedIn,,"['', '']","['', '']",,"['', '']",,"['', '']",,[''],[''],2021-12-20 17:42:51
2021-12-21,16:57:22,Taiyoubuhinten-1,,ログアウト,"['', '']",lcLoggedIn,,"['', '']","['', '']",,"['', '']",,"['', '']",,[''],[''],2021-12-21 16:57:22
2021-12-22,17:33:24,Taiyoubuhinten-1,,ログアウト,"['', '']",lcLoggedIn,,"['', '']","['', '']",,"['', '']",,"['', '']",,[''],[''],2021-12-22 17:33:24
2021-12-23,17:14:38,Taiyoubuhinten-1,,ログアウト,"['', '']",lcLoggedIn,,"['', '']","['', '']",,"['', '']",,"['', '']",,[''],[''],2021-12-23 17:14:38
2021-12-24,16:54:54,Taiyoubuhinten-1,,ログアウト,"['', '']",lcLoggedIn,,"['', '']","['', '']",,"['', '']",,"['', '']",,[''],[''],2021-12-24 16:54:54
2021-12-25,17:10:16,Taiyoubuhinten-1,,ログアウト,"['', '']",lcLoggedIn,,"['', '']","['', '']",,"['', '']",,"['', '']",,[''],[''],2021-12-25 17:10:16
2021-12-27,17:12:40,Taiyoubuhinten-1,,積算部品検索,"['', '']",,,"['', '']","['134516', '142466', '141158', '142465', '141944', '145160', '145426', '145427', '145428', '145429', '145430', '150781', '150782', '150783', '150784', '150785 ']",,"['', '']",,"['', '']",,"['1800', '1801', '1802', '1803', '1804', '1805', '1806', '1807', '1840', '1900', '1880', '1920', '1840', '1880', '1900', '1920', '1960', '2000', '2001', '2002', '2003', '2004', '2005', '2006', '2007 ']","['4260', '4260', '4260', '4260', '4260', '4260', '4260', '4260', '4260', '4260', '4260', '4260', '1040', '1040', '1040', '1040', '1040', '1040', '1040', '1040', '1040', '1040', '1040', '1040', '1040']",2021-12-27 17:12:40
2021-12-28,15:44:39,Taiyoubuhinten-1,,ログアウト,"['', '']",lcLoggedIn,,"['', '']","['', '']",,"['', '']",,"['', '']",,[''],[''],2021-12-28 15:44:39
2021-12-29,11:19:05,Taiyoubuhinten-1,,ログアウト,"['', '']",lcLoggedIn,,"['', '']","['', '']",,"['', '']",,"['', '']",,[''],[''],2021-12-29 11:19:05
2022-01-04,17:47:47,Taiyoubuhinten-1,,ログアウト,"['', '']",lcLoggedIn,,"['', '']","['', '']",,"['', '']",,"['', '']",,[''],[''],2022-01-04 17:47:47
2022-01-05,17:47:59,Taiyoubuhinten-1,,ログアウト,"['', '']",lcLoggedIn,,"['', '']","['', '']",,"['', '']",,"['', '']",,[''],[''],2022-01-05 17:47:59
2022-01-06,17:41:37,Taiyoubuhinten-1,,ログアウト,"['', '']",lcLoggedIn,,"['', '']","['', '']",,"['', '']",,"['', '']",,[''],[''],2022-01-06 17:41:37
2022-01-07,17:44:32,Taiyoubuhinten-1,,ログアウト,"['', '']",lcLoggedIn,,"['', '']","['', '']",,"['', '']",,"['', '']",,[''],[''],2022-01-07 17:44:32
2022-01-08,17:10:19,Taiyoubuhinten-1,,ログアウト,"['', '']",lcLoggedIn,,"['', '']","['', '']",,"['', '']",,"['', '']",,[''],[''],2022-01-08 17:10:19
2022-01-11,15:12:45,Taiyoubuhinten-1,NCP81,車輌検索,"['', '', 'NCP81', '', '', '0', '500 ']",,,"['', '']","['', '']",,"['112212', '1', 'ﾄﾖﾀ', '117', 'ｼｴﾝﾀ 1500 DOHC', '11951', '0001 0003', 'UA-NCP81G', '0309', '0402', '1NZFE', '1500']",,"['', '']",,[''],[''],2022-01-11 15:12:45
2021-07-19,12:51:07,Taiyoubuhinten,,ログイン３,"['', '']",,,"['taiyoubuhinten', '0988961262', '', 'ucOkMultiParent', 'lcNotLogin', 'ukcUnknown', '', 'v8net.exe', '19700101090000', '20210629172421', ' ']","['', '']",wvWin7 ,"['', '']",0 ,"['F8-0F-41-B8-E9-89\xa0', '\xa0FC-DD-20-52-41-53\xa0', '\xa074-27-EA-D2-72-35\xa0', '\xa000-FF-80-55-63-8A']",,[''],[''],2021-07-19 12:51:07
2021-07-21,11:01:02,Taiyoubuhinten-2,,ログアウト,"['', '']",lcLoggedIn,,"['', '']","['', '']",,"['', '']",,"['', '']",,[''],[''],2021-07-21 11:01:02
2021-07-22,11:50:50,Taiyoubuhinten-2,,ログアウト,"['', '']",lcLoggedIn,,"['', '']","['', '']",,"['', '']",,"['', '']",,[''],[''],2021-07-22 11:50:50
2021-07-23,11:59:19,Taiyoubuhinten-2,,ログアウト,"['', '']",lcLoggedIn,,"['', '']","['', '']",,"['', '']",,"['', '']",,[''],[''],2021-07-23 11:59:19
2021-07-24,17:08:56,Taiyoubuhinten-2,,ログアウト,"['', '']",lcLoggedIn,,"['', '']","['', '']",,"['', '']",,"['', '']",,[''],[''],2021-07-24 17:08:56
2021-07-25,15:42:23,Taiyoubuhinten-2,,ログアウト,"['', '']",lcLoggedIn,,"['', '']","['', '']",,"['', '']",,"['', '']",,[''],[''],2021-07-25 15:42:23
2021-07-27,09:17:38,Taiyoubuhinten-2,,ログアウト,"['', '']",lcLoggedIn,,"['', '']","['', '']",,"['', '']",,"['', '']",,[''],[''],2021-07-27 09:17:38
2021-07-28,09:14:08,Taiyoubuhinten-2,,ログアウト,"['', '']",lcLoggedIn,,"['', '']","['', '']",,"['', '']",,"['', '']",,[''],[''],2021-07-28 09:14:08
2021-07-29,15:00:28,Taiyoubuhinten-2,,ログアウト,"['', '']",lcLoggedIn,,"['', '']","['', '']",,"['', '']",,"['', '']",,[''],[''],2021-07-29 15:00:28
2021-07-30,09:37:16,Taiyoubuhinten-2,,ログアウト,"['', '']",lcLoggedIn,,"['', '']","['', '']",,"['', '']",,"['', '']",,[''],[''],2021-07-30 09:37:16
2021-07-31,14:02:06,Taiyoubuhinten-2,,ログアウト,"['', '']",lcLoggedIn,,"['', '']","['', '']",,"['', '']",,"['', '']",,[''],[''],2021-07-31 14:02:06
2021-08-04,12:06:20,Taiyoubuhinten-2,,ログアウト,"['', '']",lcLoggedIn,,"['', '']","['', '']",,"['', '']",,"['', '']",,[''],[''],2021-08-04 12:06:20
2021-08-05,16:40:27,Taiyoubuhinten-2,,ログアウト,"['', '']",lcLoggedIn,,"['', '']","['', '']",,"['', '']",,"['', '']",,[''],[''],2021-08-05 16:40:27
2021-08-07,09:17:04,Taiyoubuhinten-2,,ログアウト,"['', '']",lcNotLogin,,"['', '']","['', '']",,"['', '']",,"['', '']",,[''],[''],2021-08-07 09:17:04
2021-08-09,15:14:09,Taiyoubuhinten-2,,ログアウト,"['', '']",lcLoggedIn,,"['', '']","['', '']",,"['', '']",,"['', '']",,[''],[''],2021-08-09 15:14:09
2021-08-11,10:24:10,Taiyoubuhinten-2,,ログアウト,"['', '']",lcLoggedIn,,"['', '']","['', '']",,"['', '']",,"['', '']",,[''],[''],2021-08-11 10:24:10
2021-08-11,18:11:45,Taiyoubuhinten-2,,ログアウト,"['', '']",lcNotLogin,,"['', '']","['', '']",,"['', '']",,"['', '']",,[''],[''],2021-08-11 18:11:45
2021-08-13,14:06:59,Taiyoubuhinten-2,,ログアウト,"['', '']",lcLoggedIn,,"['', '']","['', '']",,"['', '']",,"['', '']",,[''],[''],2021-08-13 14:06:59
2021-08-18,09:13:47,Taiyoubuhinten-2,,ログアウト,"['', '']",lcLoggedIn,,"['', '']","['', '']",,"['', '']",,"['', '']",,[''],[''],2021-08-18 09:13:47
2021-08-19,09:46:59,Taiyoubuhinten-2,,ログアウト,"['', '']",lcLoggedIn,,"['', '']","['', '']",,"['', '']",,"['', '']",,[''],[''],2021-08-19 09:46:59
2021-08-19,18:00:08,Taiyoubuhinten-2,,ログアウト,"['', '']",lcLoggedIn,,"['', '']","['', '']",,"['', '']",,"['', '']",,[''],[''],2021-08-19 18:00:08
2021-08-23,11:49:03,Taiyoubuhinten-2,,ログアウト,"['', '']",lcLoggedIn,,"['', '']","['', '']",,"['', '']",,"['', '']",,[''],[''],2021-08-23 11:49:03
2021-08-24,16:13:51,Taiyoubuhinten-2,,ログアウト,"['', '']",lcLoggedIn,,"['', '']","['', '']",,"['', '']",,"['', '']",,[''],[''],2021-08-24 16:13:51
2021-08-26,10:57:43,Taiyoubuhinten-2,,ログアウト,"['', '']",lcLoggedIn,,"['', '']","['', '']",,"['', '']",,"['', '']",,[''],[''],2021-08-26 10:57:43
2021-08-31,14:13:52,Taiyoubuhinten-2,,ログアウト,"['', '']",lcLoggedIn,,"['', '']","['', '']",,"['', '']",,"['', '']",,[''],[''],2021-08-31 14:13:52
2021-09-02,10:30:48,Taiyoubuhinten-2,,ログアウト,"['', '']",lcLoggedIn,,"['', '']","['', '']",,"['', '']",,"['', '']",,[''],[''],2021-09-02 10:30:48
2021-09-03,14:29:09,Taiyoubuhinten-2,,ログアウト,"['', '']",lcLoggedIn,,"['', '']","['', '']",,"['', '']",,"['', '']",,[''],[''],2021-09-03 14:29:09
2021-09-04,16:24:40,Taiyoubuhinten-2,,ログアウト,"['', '']",lcLoggedIn,,"['', '']","['', '']",,"['', '']",,"['', '']",,[''],[''],2021-09-04 16:24:40
2021-09-06,11:27:28,Taiyoubuhinten-2,,ログアウト,"['', '']",lcLoggedIn,,"['', '']","['', '']",,"['', '']",,"['', '']",,[''],[''],2021-09-06 11:27:28
2021-09-07,16:24:16,Taiyoubuhinten-2,,ログアウト,"['', '']",lcLoggedIn,,"['', '']","['', '']",,"['', '']",,"['', '']",,[''],[''],2021-09-07 16:24:16
2021-09-08,12:04:18,Taiyoubuhinten-2,,ログアウト,"['', '']",lcLoggedIn,,"['', '']","['', '']",,"['', '']",,"['', '']",,[''],[''],2021-09-08 12:04:18
2021-09-09,15:02:07,Taiyoubuhinten-2,,ログアウト,"['', '']",lcLoggedIn,,"['', '']","['', '']",,"['', '']",,"['', '']",,[''],[''],2021-09-09 15:02:07
2021-09-11,13:14:19,Taiyoubuhinten-2,,ログアウト,"['', '']",lcLoggedIn,,"['', '']","['', '']",,"['', '']",,"['', '']",,[''],[''],2021-09-11 13:14:19
2021-09-13,14:49:08,Taiyoubuhinten-2,,ログアウト,"['', '']",lcNotLogin,,"['', '']","['', '']",,"['', '']",,"['', '']",,[''],[''],2021-09-13 14:49:08
2021-09-14,18:23:21,Taiyoubuhinten-2,,ログアウト,"['', '']",lcNotLogin,,"['', '']","['', '']",,"['', '']",,"['', '']",,[''],[''],2021-09-14 18:23:21
2021-09-15,18:09:07,Taiyoubuhinten-2,,ログアウト,"['', '']",lcLoggedIn,,"['', '']","['', '']",,"['', '']",,"['', '']",,[''],[''],2021-09-15 18:09:07
2021-09-17,11:59:42,Taiyoubuhinten-2,,ログアウト,"['', '']",lcLoggedIn,,"['', '']","['', '']",,"['', '']",,"['', '']",,[''],[''],2021-09-17 11:59:42
2021-09-18,16:05:45,Taiyoubuhinten-2,,ログアウト,"['', '']",lcLoggedIn,,"['', '']","['', '']",,"['', '']",,"['', '']",,[''],[''],2021-09-18 16:05:45
2021-09-20,09:27:14,Taiyoubuhinten-2,,ログアウト,"['', '']",lcLoggedIn,,"['', '']","['', '']",,"['', '']",,"['', '']",,[''],[''],2021-09-20 09:27:14
2021-09-21,17:36:02,Taiyoubuhinten-2,,ログアウト,"['', '']",lcNotLogin,,"['', '']","['', '']",,"['', '']",,"['', '']",,[''],[''],2021-09-21 17:36:02
2021-09-22,16:44:26,Taiyoubuhinten-2,,ログアウト,"['', '']",lcLoggedIn,,"['', '']","['', '']",,"['', '']",,"['', '']",,[''],[''],2021-09-22 16:44:26
2021-09-24,09:20:43,Taiyoubuhinten-2,,ログアウト,"['', '']",lcLoggedIn,,"['', '']","['', '']",,"['', '']",,"['', '']",,[''],[''],2021-09-24 09:20:43
2021-09-25,14:58:11,Taiyoubuhinten-2,,ログアウト,"['', '']",lcLoggedIn,,"['', '']","['', '']",,"['', '']",,"['', '']",,[''],[''],2021-09-25 14:58:11
2021-09-25,15:57:58,Taiyoubuhinten-2,,ログアウト,"['', '']",lcLoggedIn,,"['', '']","['', '']",,"['', '']",,"['', '']",,[''],[''],2021-09-25 15:57:58
2021-09-27,18:17:15,Taiyoubuhinten-2,,ログアウト,"['', '']",lcLoggedIn,,"['', '']","['', '']",,"['', '']",,"['', '']",,[''],[''],2021-09-27 18:17:15
2021-09-28,15:00:25,Taiyoubuhinten-2,,ログアウト,"['', '']",lcLoggedIn,,"['', '']","['', '']",,"['', '']",,"['', '']",,[''],[''],2021-09-28 15:00:25
2021-09-29,16:01:59,Taiyoubuhinten-2,,ログアウト,"['', '']",lcLoggedIn,,"['', '']","['', '']",,"['', '']",,"['', '']",,[''],[''],2021-09-29 16:01:59
2021-10-01,09:54:58,Taiyoubuhinten-2,*WK1050,互換検索,"[""'*WK1050'"", '-1', '', '', '0']",,,"['', '']","['', '']",,"['', '']",,"['', '']",,[''],[''],2021-10-01 09:54:58
2021-10-02,13:26:41,Taiyoubuhinten-2,,ログアウト,"['', '']",lcLoggedIn,,"['', '']","['', '']",,"['', '']",,"['', '']",,[''],[''],2021-10-02 13:26:41
2021-10-02,19:11:32,Taiyoubuhinten-2,,ログアウト,"['', '']",lcLoggedIn,,"['', '']","['', '']",,"['', '']",,"['', '']",,[''],[''],2021-10-02 19:11:32
2021-10-04,17:20:37,Taiyoubuhinten-2,,ログアウト,"['', '']",lcLoggedIn,,"['', '']","['', '']",,"['', '']",,"['', '']",,[''],[''],2021-10-04 17:20:37
2021-10-05,17:58:11,Taiyoubuhinten-2,,ログアウト,"['', '']",lcLoggedIn,,"['', '']","['', '']",,"['', '']",,"['', '']",,[''],[''],2021-10-05 17:58:11
2021-10-06,18:01:43,Taiyoubuhinten-2,,ログアウト,"['', '']",lcNotLogin,,"['', '']","['', '']",,"['', '']",,"['', '']",,[''],[''],2021-10-06 18:01:43
2021-10-07,16:55:42,Taiyoubuhinten-2,,ログアウト,"['', '']",lcLoggedIn,,"['', '']","['', '']",,"['', '']",,"['', '']",,[''],[''],2021-10-07 16:55:42
2021-10-09,11:15:52,Taiyoubuhinten-2,,ログアウト,"['', '']",lcLoggedIn,,"['', '']","['', '']",,"['', '']",,"['', '']",,[''],[''],2021-10-09 11:15:52
2021-10-09,17:45:14,Taiyoubuhinten-2,,ログアウト,"['', '']",lcNotLogin,,"['', '']","['', '']",,"['', '']",,"['', '']",,[''],[''],2021-10-09 17:45:14
2021-10-11,18:16:27,Taiyoubuhinten-2,,ログアウト,"['', '']",lcNotLogin,,"['', '']","['', '']",,"['', '']",,"['', '']",,[''],[''],2021-10-11 18:16:27
2021-10-12,17:46:22,Taiyoubuhinten-2,,ログアウト,"['', '']",lcLoggedIn,,"['', '']","['', '']",,"['', '']",,"['', '']",,[''],[''],2021-10-12 17:46:22
2021-10-13,17:52:26,Taiyoubuhinten-2,,ログアウト,"['', '']",lcLoggedIn,,"['', '']","['', '']",,"['', '']",,"['', '']",,[''],[''],2021-10-13 17:52:26
2021-10-14,18:09:58,Taiyoubuhinten-2,,ログアウト,"['', '']",lcNotLogin,,"['', '']","['', '']",,"['', '']",,"['', '']",,[''],[''],2021-10-14 18:09:58
2021-10-16,09:35:12,Taiyoubuhinten-2,,積算部品検索,"['', '']",,,"['', '']","['132970', '132971', '132974', '132975 ']",,"['', '']",,"['', '']",,"['1021', '1021', '1021', '1025', '1101', '1141', '1181', '1181', '1120', '1121', '1022', '1022', '1022', '1026', '1102', '1142', '1182', '1182', '1301', '1341', '1381', '1421', '1303', '1302', '1342', '1382', '1422', '1061', '1062', '1061', '1062', '1061', '1062 ']","['1040', '3200', '2260', '2260', '4280', '4280', '4280', '2260', '2260', '2260', '1040', '3200', '2260', '2260', '4280', '4280', '4280', '2260', '2260', '2260', '4280', '4280', '2260', '2260', '2260', '4280', '4280', '1040', '1040', '3200', '3200', '2260', '2260']",2021-10-16 09:35:12
2021-10-16,15:06:03,Taiyoubuhinten-2,,ログアウト,"['', '']",lcLoggedIn,,"['', '']","['', '']",,"['', '']",,"['', '']",,[''],[''],2021-10-16 15:06:03
2021-10-18,17:37:36,Taiyoubuhinten-2,,ログアウト,"['', '']",lcLoggedIn,,"['', '']","['', '']",,"['', '']",,"['', '']",,[''],[''],2021-10-18 17:37:36
2021-10-19,18:04:24,Taiyoubuhinten-2,,ログアウト,"['', '']",lcNotLogin,,"['', '']","['', '']",,"['', '']",,"['', '']",,[''],[''],2021-10-19 18:04:24
2021-10-20,17:16:52,Taiyoubuhinten-2,,ログアウト,"['', '']",lcLoggedIn,,"['', '']","['', '']",,"['', '']",,"['', '']",,[''],[''],2021-10-20 17:16:52
2021-10-21,17:15:09,Taiyoubuhinten-2,,ログアウト,"['', '']",lcLoggedIn,,"['', '']","['', '']",,"['', '']",,"['', '']",,[''],[''],2021-10-21 17:15:09
2021-10-23,09:32:36,Taiyoubuhinten-2,,ログアウト,"['', '']",lcLoggedIn,,"['', '']","['', '']",,"['', '']",,"['', '']",,[''],[''],2021-10-23 09:32:36
2021-10-23,17:03:09,Taiyoubuhinten-2,,ログアウト,"['', '']",lcLoggedIn,,"['', '']","['', '']",,"['', '']",,"['', '']",,[''],[''],2021-10-23 17:03:09
2021-10-25,17:01:58,Taiyoubuhinten-2,,ログアウト,"['', '']",lcLoggedIn,,"['', '']","['', '']",,"['', '']",,"['', '']",,[''],[''],2021-10-25 17:01:58
2021-10-26,17:47:05,Taiyoubuhinten-2,,ログアウト,"['', '']",lcLoggedIn,,"['', '']","['', '']",,"['', '']",,"['', '']",,[''],[''],2021-10-26 17:47:05
2021-10-27,17:51:50,Taiyoubuhinten-2,,ログアウト,"['', '']",lcLoggedIn,,"['', '']","['', '']",,"['', '']",,"['', '']",,[''],[''],2021-10-27 17:51:50
2021-10-28,18:05:06,Taiyoubuhinten-2,,ログアウト,"['', '']",lcNotLogin,,"['', '']","['', '']",,"['', '']",,"['', '']",,[''],[''],2021-10-28 18:05:06
2021-10-29,17:18:43,Taiyoubuhinten-2,,ログアウト,"['', '']",lcLoggedIn,,"['', '']","['', '']",,"['', '']",,"['', '']",,[''],[''],2021-10-29 17:18:43
2021-10-30,12:12:05,Taiyoubuhinten-2,,ログアウト,"['', '']",lcNotLogin,,"['', '']","['', '']",,"['', '']",,"['', '']",,[''],[''],2021-10-30 12:12:05
2021-11-01,15:25:56,Taiyoubuhinten-2,,ログアウト,"['', '']",lcLoggedIn,,"['', '']","['', '']",,"['', '']",,"['', '']",,[''],[''],2021-11-01 15:25:56
2021-11-02,15:43:35,Taiyoubuhinten-2,,ログアウト,"['', '']",lcLoggedIn,,"['', '']","['', '']",,"['', '']",,"['', '']",,[''],[''],2021-11-02 15:43:35
2021-11-03,15:41:16,Taiyoubuhinten-2,,ログアウト,"['', '']",lcLoggedIn,,"['', '']","['', '']",,"['', '']",,"['', '']",,[''],[''],2021-11-03 15:41:16
2021-11-04,18:26:23,Taiyoubuhinten-2,,ログアウト,"['', '']",lcNotLogin,,"['', '']","['', '']",,"['', '']",,"['', '']",,[''],[''],2021-11-04 18:26:23
2021-11-05,15:30:44,Taiyoubuhinten-2,,ログアウト,"['', '']",lcLoggedIn,,"['', '']","['', '']",,"['', '']",,"['', '']",,[''],[''],2021-11-05 15:30:44
2021-11-06,17:51:36,Taiyoubuhinten-2,,ログアウト,"['', '']",lcNotLogin,,"['', '']","['', '']",,"['', '']",,"['', '']",,[''],[''],2021-11-06 17:51:36
2021-11-08,13:10:19,Taiyoubuhinten-2,,積算部品検索,"['', '']",,,"['', '']","['130810', '130811', '130812', '130814', '131943', '133251', '133248', '133249', '133250', '133253', '138400', '138402', '130813', '130815', '133252', '133254', '116041', '120219', '123843', '131321', '131322', '131323', '133021', '133022', '13267', '13268', '13269 ']",,"['', '']",,"['', '']",,"['1021', '1022', '1301', '1341', '1303', '1302', '1342 ']","['3940', '3940', '3940', '3940', '3940', '3940', '3940']",2021-11-08 13:10:19
2021-11-09,18:03:45,Taiyoubuhinten-2,,ログアウト,"['', '']",lcLoggedIn,,"['', '']","['', '']",,"['', '']",,"['', '']",,[''],[''],2021-11-09 18:03:45
2021-11-10,18:05:19,Taiyoubuhinten-2,,ログアウト,"['', '']",lcLoggedIn,,"['', '']","['', '']",,"['', '']",,"['', '']",,[''],[''],2021-11-10 18:05:19
2021-11-11,19:11:51,Taiyoubuhinten-2,,ログアウト,"['', '']",lcNotLogin,,"['', '']","['', '']",,"['', '']",,"['', '']",,[''],[''],2021-11-11 19:11:51
2021-11-12,18:33:51,Taiyoubuhinten-2,,ログアウト,"['', '']",lcNotLogin,,"['', '']","['', '']",,"['', '']",,"['', '']",,[''],[''],2021-11-12 18:33:51
2021-11-13,16:02:32,Taiyoubuhinten-2,,ログアウト,"['', '']",lcLoggedIn,,"['', '']","['', '']",,"['', '']",,"['', '']",,[''],[''],2021-11-13 16:02:32
2021-11-15,12:20:19,Taiyoubuhinten-2,,ログアウト,"['', '']",lcLoggedIn,,"['', '']","['', '']",,"['', '']",,"['', '']",,[''],[''],2021-11-15 12:20:19
2021-11-16,17:02:39,Taiyoubuhinten-2,,ログアウト,"['', '']",lcNotLogin,,"['', '']","['', '']",,"['', '']",,"['', '']",,[''],[''],2021-11-16 17:02:39
2021-11-17,18:04:53,Taiyoubuhinten-2,,ログアウト,"['', '']",lcNotLogin,,"['', '']","['', '']",,"['', '']",,"['', '']",,[''],[''],2021-11-17 18:04:53
2021-11-18,18:09:53,Taiyoubuhinten-2,,ログアウト,"['', '']",lcLoggedIn,,"['', '']","['', '']",,"['', '']",,"['', '']",,[''],[''],2021-11-18 18:09:53
2021-11-19,18:04:24,Taiyoubuhinten-2,,ログアウト,"['', '']",lcNotLogin,,"['', '']","['', '']",,"['', '']",,"['', '']",,[''],[''],2021-11-19 18:04:24
2021-11-20,17:09:39,Taiyoubuhinten-2,,ログアウト,"['', '']",lcNotLogin,,"['', '']","['', '']",,"['', '']",,"['', '']",,[''],[''],2021-11-20 17:09:39
2021-11-22,11:45:36,Taiyoubuhinten-2,,ログアウト,"['', '']",lcLoggedIn,,"['', '']","['', '']",,"['', '']",,"['', '']",,[''],[''],2021-11-22 11:45:36
2021-11-23,15:25:19,Taiyoubuhinten-2,,ログアウト,"['', '']",lcLoggedIn,,"['', '']","['', '']",,"['', '']",,"['', '']",,[''],[''],2021-11-23 15:25:19
2021-11-24,17:44:12,Taiyoubuhinten-2,,ログアウト,"['', '']",lcLoggedIn,,"['', '']","['', '']",,"['', '']",,"['', '']",,[''],[''],2021-11-24 17:44:12
2021-11-25,17:28:02,Taiyoubuhinten-2,,ログアウト,"['', '']",lcLoggedIn,,"['', '']","['', '']",,"['', '']",,"['', '']",,[''],[''],2021-11-25 17:28:02
2021-11-26,18:12:30,Taiyoubuhinten-2,,ログアウト,"['', '']",lcNotLogin,,"['', '']","['', '']",,"['', '']",,"['', '']",,[''],[''],2021-11-26 18:12:30
2021-11-27,17:00:35,Taiyoubuhinten-2,,ログアウト,"['', '']",lcNotLogin,,"['', '']","['', '']",,"['', '']",,"['', '']",,[''],[''],2021-11-27 17:00:35
2021-11-29,10:09:15,Taiyoubuhinten-2,,ログアウト,"['', '']",lcLoggedIn,,"['', '']","['', '']",,"['', '']",,"['', '']",,[''],[''],2021-11-29 10:09:15
2021-11-30,14:21:23,Taiyoubuhinten-2,WC31244,互換検索,"[""'WC31244'"", '-1', '', '', '0']",,,"['', '']","['', '']",,"['', '']",,"['', '']",,[''],[''],2021-11-30 14:21:23
2021-12-01,18:06:58,Taiyoubuhinten-2,,ログアウト,"['', '']",lcNotLogin,,"['', '']","['', '']",,"['', '']",,"['', '']",,[''],[''],2021-12-01 18:06:58
2021-12-02,19:32:34,Taiyoubuhinten-2,,ログアウト,"['', '']",lcNotLogin,,"['', '']","['', '']",,"['', '']",,"['', '']",,[''],[''],2021-12-02 19:32:34
2021-12-03,16:48:17,Taiyoubuhinten-2,,ログアウト,"['', '']",lcLoggedIn,,"['', '']","['', '']",,"['', '']",,"['', '']",,[''],[''],2021-12-03 16:48:17
2021-12-04,16:55:19,Taiyoubuhinten-2,,ログアウト,"['', '']",lcNotLogin,,"['', '']","['', '']",,"['', '']",,"['', '']",,[''],[''],2021-12-04 16:55:19
2021-12-06,09:10:03,Taiyoubuhinten-2,,部品検索,"['', '']",,125583 ,"['', '']","['', '']",,"['', '']",,"['', '']",0,"['1800', '1801', '1802', '1803', '1804', '1805', '1806', '1807', '1840', '1900', '1880', '1920', '1840', '1880', '1900', '1920', '1960', '2000', '2001', '2002', '2003', '2004', '2005', '2006', '2007 ']","['4260', '4260', '4260', '4260', '4260', '4260', '4260', '4260', '4260', '4260', '4260', '4260', '1040', '1040', '1040', '1040', '1040', '1040', '1040', '1040', '1040', '1040', '1040', '1040', '1040 ']",2021-12-06 09:10:03
2021-12-07,13:04:24,Taiyoubuhinten-2,16811-0004,車輌検索,"['16811', '0004', '', '', '', '0', '500 ']",,,"['', '']","['', '']",,"['135119', '2', '日産', '92', 'ﾗﾌｪｽﾀ ﾊｲｳｪｲｽﾀｰ 2000', '16811', '0003 0004 0005', 'DBA-CWEFWN', '1106', '1302', 'LFVDS', '2000']",,"['', '']",,[''],[''],2021-12-07 13:04:24
2021-12-08,16:15:02,Taiyoubuhinten-2,,ログアウト,"['', '']",lcLoggedIn,,"['', '']","['', '']",,"['', '']",,"['', '']",,[''],[''],2021-12-08 16:15:02
2021-12-09,17:40:44,Taiyoubuhinten-2,,ログアウト,"['', '']",lcLoggedIn,,"['', '']","['', '']",,"['', '']",,"['', '']",,[''],[''],2021-12-09 17:40:44
2021-12-10,15:57:37,Taiyoubuhinten-2,,ログアウト,"['', '']",lcLoggedIn,,"['', '']","['', '']",,"['', '']",,"['', '']",,[''],[''],2021-12-10 15:57:37
2021-12-16,18:29:07,Taiyoubuhinten-2,,ログアウト,"['', '']",lcLoggedIn,,"['', '']","['', '']",,"['', '']",,"['', '']",,[''],[''],2021-12-16 18:29:07
2021-12-17,18:13:52,Taiyoubuhinten-2,,ログアウト,"['', '']",lcNotLogin,,"['', '']","['', '']",,"['', '']",,"['', '']",,[''],[''],2021-12-17 18:13:52
2021-12-18,21:12:52,Taiyoubuhinten-2,,ログアウト,"['', '']",lcLoggedIn,,"['', '']","['', '']",,"['', '']",,"['', '']",,[''],[''],2021-12-18 21:12:52
2021-12-21,10:23:41,Taiyoubuhinten-2,,積算部品検索,"['', '']",,,"['', '']","['136670', '138238 ']",,"['', '']",,"['', '']",,"['2120', '2121', '2122', '2123', '2124', '2125', '2140', '2141', '2142', '2260 ']","['2280', '2280', '2280', '2280', '2280', '2280', '2280', '2280', '2280', '2280']",2021-12-21 10:23:41
2021-12-22,13:57:39,Taiyoubuhinten-2,,ログアウト,"['', '']",lcLoggedIn,,"['', '']","['', '']",,"['', '']",,"['', '']",,[''],[''],2021-12-22 13:57:39
2021-12-23,17:47:00,Taiyoubuhinten-2,,ログアウト,"['', '']",lcLoggedIn,,"['', '']","['', '']",,"['', '']",,"['', '']",,[''],[''],2021-12-23 17:47:00
2021-12-24,17:45:54,Taiyoubuhinten-2,,ログアウト,"['', '']",lcLoggedIn,,"['', '']","['', '']",,"['', '']",,"['', '']",,[''],[''],2021-12-24 17:45:54
2021-12-25,16:26:33,Taiyoubuhinten-2,,ログアウト,"['', '']",lcLoggedIn,,"['', '']","['', '']",,"['', '']",,"['', '']",,[''],[''],2021-12-25 16:26:33
2021-12-28,08:40:02,Taiyoubuhinten-2,,ログアウト,"['', '']",lcLoggedIn,,"['', '']","['', '']",,"['', '']",,"['', '']",,[''],[''],2021-12-28 08:40:02
2021-12-29,11:21:28,Taiyoubuhinten-2,BP6EKN,互換検索,"[""'BP6EKN'"", '-1', '', '', '0']",,,"['', '']","['', '']",,"['', '']",,"['', '']",,[''],[''],2021-12-29 11:21:28
2021-12-29,13:09:57,Taiyoubuhinten-2,,ログアウト,"['', '']",lcLoggedIn,,"['', '']","['', '']",,"['', '']",,"['', '']",,[''],[''],2021-12-29 13:09:57
2022-01-05,11:13:12,Taiyoubuhinten-2,,ログアウト,"['', '']",lcLoggedIn,,"['', '']","['', '']",,"['', '']",,"['', '']",,[''],[''],2022-01-05 11:13:12
2022-01-06,15:16:10,Taiyoubuhinten-2,,ログアウト,"['', '']",lcLoggedIn,,"['', '']","['', '']",,"['', '']",,"['', '']",,[''],[''],2022-01-06 15:16:10
2022-01-07,15:56:42,Taiyoubuhinten-2,,ログアウト,"['', '']",lcLoggedIn,,"['', '']","['', '']",,"['', '']",,"['', '']",,[''],[''],2022-01-07 15:56:42
2022-01-08,17:07:01,Taiyoubuhinten-2,,ログアウト,"['', '']",lcLoggedIn,,"['', '']","['', '']",,"['', '']",,"['', '']",,[''],[''],2022-01-08 17:07:01
2022-01-10,16:42:41,Taiyoubuhinten-2,,ログアウト,"['', '']",lcLoggedIn,,"['', '']","['', '']",,"['', '']",,"['', '']",,[''],[''],2022-01-10 16:42:41
2022-01-11,15:16:00,Taiyoubuhinten-2,,ログアウト,"['', '']",lcLoggedIn,,"['', '']","['', '']",,"['', '']",,"['', '']",,[''],[''],2022-01-11 15:16:00
