月日,時刻,子ユーザ,入力値,コマンド,受信サイズ,受信数,返却数,ParamList,parKurumaNo,parHinban,parJunsei,parHMCount,parType,KurumaInfo,parHinmokuNos,parMakerNo,parMakerNos,parSyadaiNo,CallHinban,date
2021-11-09,15:44:33,221002,,部品検索（HTTP）,118,7,2,"['', '']",122591 ,"['', '']",,2 ,,"['', '']","['6300', '6320 ']",,"['1040', '1040 ']",0,,2021-11-09 15:44:33
2021-11-09,16:04:01,219008,,部品検索（HTTP）,178,7,2,"['', '']",147906 ,"['', '']",,8 ,,"['', '']","['1800', '1801', '1803', '1804', '1805', '1806', '1807', '1802 ']",,"['4260', '4260', '4260', '4260', '4260', '4260', '4260', '4260 ']",0,,2021-11-09 16:04:01
2021-11-09,15:46:03,61160301,TRH200,車輌検索（HTTP）,56,4,137,"['', '', 'TRH200', ' ']",,"['', '']",,,,"['116220', '1', 'ﾄﾖﾀ', '26', 'ﾊｲｴｰｽ 2000 ﾊﾞﾝ ﾛﾝｸﾞ DOHC', '12592', '0001-0008 0049-0056', 'CBF-TRH200K', '0408', '1312', '1TRFE', '2000']","['', '']",,"['', '']",,,2021-11-09 15:46:03
2021-11-09,15:54:11,61950901,4853197292,互換検索（HTTP）,62,4,0,"['', '']",,['48531-97292 '],,,,"['', '']","['', '']",,"['', '']",,4853197292,2021-11-09 15:54:11
2021-11-09,15:27:47,61385001,5340176G02,価格検索（HTTP）,74,5,1,"['', '']",,['5340176G02 '],0 ,,,"['', '']","['', '']",0,"['', '']",,,2021-11-09 15:27:47
2021-11-09,15:03:01,61371904,,部品検索（HTTP）,519,7,0,"['', '']",116055 ,"['', '']",,42 ,,"['', '']","['3360', '3360', '3360', '3361', '3361', '3361', '3362', '3362', '3362', '3363', '3363', '3363', '3364', '3364', '3364', '3365', '3365', '3365', '3366', '3366', '3366', '3380', '3380', '3380', '3381', '3381', '3381', '3382', '3382', '3382', '3383', '3383', '3383', '3384', '3384', '3384', '3385', '3385', '3385', '3386', '3386', '3386 ']",,"['2800', '2820', '4340', '2800', '2820', '4340', '2800', '2820', '4340', '2800', '2820', '4340', '2800', '2820', '4340', '2800', '2820', '4340', '2800', '2820', '4340', '2800', '2820', '4340', '2800', '2820', '4340', '2800', '2820', '4340', '2800', '2820', '4340', '2800', '2820', '4340', '2800', '2820', '4340', '2800', '2820', '4340 ']",0,,2021-11-09 15:03:01
2021-11-09,15:06:31,610AK301,T10,互換検索（HTTP）,54,4,500,"['', '']",,['T10 '],,,,"['', '']","['', '']",,"['', '']",,T10,2021-11-09 15:06:31
2021-11-09,15:15:14,193015,RN101,価格検索（HTTP）,69,5,2,"['', '']",,['RN101 '],0 ,,,"['', '']","['', '']",0,"['', '']",,,2021-11-09 15:15:14
2021-11-09,15:36:18,61989002,4806826170,価格検索（HTTP）,75,5,1,"['', '']",,['48068-26170 '],0 ,,,"['', '']","['', '']",0,"['', '']",,,2021-11-09 15:36:18
2021-11-09,15:12:07,613R1701,MD325440,互換検索（HTTP）,59,4,3,"['', '']",,['MD325440 '],,,,"['', '']","['', '']",,"['', '']",,MD325440,2021-11-09 15:12:07
2021-11-09,15:13:09,417002,VTW550,互換検索（HTTP）,57,4,192,"['', '']",,['VTW550 '],,,,"['', '']","['', '']",,"['', '']",,VTW550,2021-11-09 15:13:09
2021-11-09,15:14:57,61380401,TRH413,互換検索（HTTP）,57,4,0,"['', '']",,['TRH413 '],,,,"['', '']","['', '']",,"['', '']",,TRH413,2021-11-09 15:14:57
2021-11-09,15:17:25,61535311,SB6612,互換検索（HTTP）,57,4,26,"['', '']",,['SB6612 '],,,,"['', '']","['', '']",,"['', '']",,SB6612,2021-11-09 15:17:25
2021-11-09,15:17:39,617Z6807,1K0418300A,互換検索（HTTP）,61,4,0,"['', '']",,['1K0418300A '],,,,"['', '']","['', '']",,"['', '']",,1K0418300A,2021-11-09 15:17:39
2021-11-09,15:22:26,Demo0741,1745123042,価格検索（HTTP）,75,5,1,"['', '']",,['17451-23042 '],0 ,,,"['', '']","['', '']",0,"['', '']",,,2021-11-09 15:22:26
2021-11-09,15:23:47,613R1703,5340278A01,価格検索（HTTP）,74,5,1,"['', '']",,['5340278A01 '],0 ,,,"['', '']","['', '']",0,"['', '']",,,2021-11-09 15:23:47
2021-11-09,15:21:35,194020,145R12,価格検索（HTTP）,77,5,0,"['', '']",,['145R12 6PR LT '],0 ,,,"['', '']","['', '']",0,"['', '']",,,2021-11-09 15:21:35
2021-11-09,15:22:35,61720504,3882379R00,価格検索（HTTP）,74,5,1,"['', '']",,['3882379R00 '],0 ,,,"['', '']","['', '']",0,"['', '']",,,2021-11-09 15:22:35
2021-11-09,15:23:06,61761409,21304A00D,互換検索（HTTP）,60,4,0,"['', '']",,['21304A00D '],,,,"['', '']","['', '']",,"['', '']",,21304A00D,2021-11-09 15:23:06
2021-11-09,15:23:27,619E4601,16605-0325,車輌検索（HTTP）,68,5,2,"['16605', '0325', '', ' ']",,"['', '']",,,,"['140318', '1', 'ﾄﾖﾀ', '26', 'ﾊｲｴｰｽ 3000 ﾊﾞﾝ ﾛﾝｸﾞ ﾀｰﾎﾞ', '16605', '0325-0327 0329 0333 0335 0337', 'QDF-KDH201V', '1205', '1711', '1KDFTV', '3000']","['', '']",,"['', '']",,,2021-11-09 15:23:27
2021-11-09,15:35:03,194009,,部品検索（HTTP）,188,7,2,"['', '']",113112 ,"['', '']",,9 ,,"['', '']","['2300', '2301', '2302', '2303', '2340', '2341', '2342', '2343', '2344 ']",,"['2180', '2180', '2180', '2180', '2180', '2180', '2180', '2180', '2180 ']",0,,2021-11-09 15:35:03
2021-11-09,15:25:20,186009,MR267876,互換検索（HTTP）,59,4,1,"['', '']",,['MR267876 '],,,,"['', '']","['', '']",,"['', '']",,MR267876,2021-11-09 15:25:20
2021-11-09,15:49:02,610TB106,DA64V,車輌検索（HTTP）,55,4,95,"['', '', 'DA64V', ' ']",,"['', '']",,,,"['118701', '8', 'ｽｽﾞｷ', '22', 'ｴﾌﾞﾘｨ 660 DOHC', '15132', '0009', 'EBD-DA64V', '0508', '1005', 'K6A', '660']","['', '']",,"['', '']",,,2021-11-09 15:49:02
2021-11-09,15:27:29,419001,16010-0011,車輌検索（HTTP）,68,5,2,"['16010', '0011', '', ' ']",,"['', '']",,,,"['126792', '6', 'ﾀﾞｲﾊﾂ', '34', 'ﾀﾝﾄ ｶｽﾀﾑ 660 DOHC', '16010', '0011 0018 0027', 'DBA-L375S', '0712', '1010', 'KFVE', '660']","['', '']",,"['', '']",,,2021-11-09 15:27:29
2021-11-09,15:27:32,610EN301,8971304710,価格検索（HTTP）,74,5,1,"['', '']",,['8971304710 '],0 ,,,"['', '']","['', '']",0,"['', '']",,,2021-11-09 15:27:32
2021-11-09,15:55:44,209002,,部品検索（HTTP）,108,7,1,"['', '']",139557 ,"['', '']",,1 ,,"['', '']",['2460 '],,['2290 '],0,,2021-11-09 15:55:44
2021-11-09,15:58:13,61323901,,部品検索（HTTP）,199,7,0,"['', '']",126188 ,"['', '']",,10 ,,"['', '']","['6040', '6060', '6080', '6100', '6120', '6140', '6160', '6180', '6190', '6210 ']",,"['2840', '2840', '2840', '2840', '2840', '2840', '2840', '2840', '2840', '2840 ']",0,,2021-11-09 15:58:13
2021-11-09,15:28:38,61975601,1A16,車輌検索（HTTP）,54,4,3,"['', '', '1A16', ' ']",,"['', '']",,,,"['136849', '19', 'BMW', '8', 'BMW 116i 1600 HTB DOHC', '16995', '0001 0002', 'DBA-1A16', '1109', '1508', 'N13B16A', '1600']","['', '']",,"['', '']",,,2021-11-09 15:28:38
2021-11-09,15:29:36,61381103,6000VV,価格検索（HTTP）,70,5,1,"['', '']",,['6000VV '],0 ,,,"['', '']","['', '']",0,"['', '']",,,2021-11-09 15:29:36
2021-11-09,15:32:07,61873005,147500250,価格検索（HTTP）,73,5,0,"['', '']",,['147500250 '],0 ,,,"['', '']","['', '']",0,"['', '']",,,2021-11-09 15:32:07
2021-11-09,15:35:07,61984901,PL7001,価格検索（HTTP）,70,5,1,"['', '']",,['PL7001 '],0 ,,,"['', '']","['', '']",0,"['', '']",,,2021-11-09 15:35:07
2021-11-09,16:04:19,61385002,,部品検索（HTTP）,108,7,1,"['', '']",116158 ,"['', '']",,1 ,,"['', '']",['1680 '],,['2300 '],0,,2021-11-09 16:04:19
2021-11-09,15:56:38,611R5603,1418260B00,価格検索（HTTP）,75,5,1,"['', '']",,['14182-60B00 '],0 ,,,"['', '']","['', '']",0,"['', '']",,,2021-11-09 15:56:38
2021-11-09,15:36:21,216011,HTHVS50B24R,価格検索（HTTP）,75,5,1,"['', '']",,['HTHVS50B24R '],0 ,,,"['', '']","['', '']",0,"['', '']",,,2021-11-09 15:36:21
2021-11-09,15:36:59,61141108,WK1093,互換検索（HTTP）,57,4,31,"['', '']",,['WK1093 '],,,,"['', '']","['', '']",,"['', '']",,WK1093,2021-11-09 15:36:59
2021-11-09,15:37:48,610TB802,15421-0013,車輌検索（HTTP）,67,5,3,"['15421', '013', '', ' ']",,"['', '']",,,,"['123198', '1', 'ﾄﾖﾀ', '130', 'ｶﾛｰﾗ ﾌｨｰﾙﾀﾞｰ 1500 DOHC', '15421', '0013-0024 0028-0030 0034-0036 0040-0042', 'DBA-NZE141G', '0609', '1205', '1NZFE', '1500']","['', '']",,"['', '']",,,2021-11-09 15:37:48
2021-11-09,16:00:54,219014,G951028040,互換検索（HTTP）,62,4,0,"['', '']",,['G9510-28040 '],,,,"['', '']","['', '']",,"['', '']",,G951028040,2021-11-09 16:00:54
2021-11-09,15:40:57,61353701,H4502S7A901,価格検索（HTTP）,75,5,0,"['', '']",,['H4502S7A901 '],0 ,,,"['', '']","['', '']",0,"['', '']",,,2021-11-09 15:40:57
2021-11-09,15:42:06,613N0604,38B20L,価格検索（HTTP）,70,5,1,"['', '']",,['38B20L '],0 ,,,"['', '']","['', '']",0,"['', '']",,,2021-11-09 15:42:06
2021-11-09,15:43:06,61160302,KE5AW,車輌検索（HTTP）,55,4,6,"['', '', 'KE5AW', ' ']",,"['', '']",,,,"['141062', '4', 'ﾏﾂﾀﾞ', '58', 'CX-5 2500 DOHC', '17647', '0001 0002', 'DBA-KE5AW', '1310', '1501', 'PY-VPS', '2500']","['', '']",,"['', '']",,,2021-11-09 15:43:06
2021-11-09,15:43:52,61188805,MX949575,互換検索（HTTP）,59,4,0,"['', '']",,['MX949575 '],,,,"['', '']","['', '']",,"['', '']",,MX949575,2021-11-09 15:43:52
2021-11-09,15:47:04,Demo0633,,部品検索（HTTP）,209,7,0,"['', '']",137506 ,"['', '']",,11 ,,"['', '']","['1660', '1660', '6800', '6801', '6802', '6803', '6804', '6841', '6842', '6843', '6844 ']",,"['2300', '4060', '4060', '4060', '4060', '4060', '4060', '4060', '4060', '4060', '4060 ']",0,,2021-11-09 15:47:04
2021-11-09,15:45:28,61401510,,価格検索（HTTP）,68,5,0,"['', '']",,['null '],0 ,,,"['', '']","['', '']",0,"['', '']",,,2021-11-09 15:45:28
2021-11-09,15:45:06,187009,,部品検索（HTTP）,349,7,1,"['', '']",147181 ,"['', '']",,25 ,,"['', '']","['1800', '1801', '1803', '1804', '1805', '1806', '1807', '1802', '1840', '1900', '1880', '1920', '1840', '1880', '1900', '1920', '1960', '2000', '2001', '2002', '2003', '2004', '2005', '2006', '2007 ']",,"['4260', '4260', '4260', '4260', '4260', '4260', '4260', '4260', '4260', '4260', '4260', '4260', '1040', '1040', '1040', '1040', '1040', '1040', '1040', '1040', '1040', '1040', '1040', '1040', '1040 ']",0,,2021-11-09 15:45:06
2021-11-09,15:49:23,221009,S879041030,価格検索（HTTP）,75,5,1,"['', '']",,['S8790-41030 '],0 ,,,"['', '']","['', '']",0,"['', '']",,,2021-11-09 15:49:23
2021-11-09,15:48:11,61947714,AES03/AFS03,価格検索（HTTP）,77,5,0,"['', '']",,"['AE-S03', 'AF-S03 ']",0 ,,,"['', '']","['', '']",0,"['', '']",,,2021-11-09 15:48:11
2021-11-09,15:50:44,617U2004,897239810,価格検索（HTTP）,73,5,0,"['', '']",,['897239810 '],0 ,,,"['', '']","['', '']",0,"['', '']",,,2021-11-09 15:50:44
2021-11-09,15:52:32,61141109,DC2663,価格検索（HTTP）,70,5,2,"['', '']",,['DC2663 '],0 ,,,"['', '']","['', '']",0,"['', '']",,,2021-11-09 15:52:32
2021-11-09,15:52:47,214001,FAB,車輌検索（HTTP）,53,4,0,"['', '', 'FAB', ' ']",,"['', '']",,,,[''],"['', '']",,"['', '']",,,2021-11-09 15:52:47
2021-11-09,15:53:50,61083213,BC5621,互換検索（HTTP）,57,4,0,"['', '']",,['BC5621 '],,,,"['', '']","['', '']",,"['', '']",,BC5621,2021-11-09 15:53:50
2021-11-09,15:52:57,61131207,TBMT002,価格検索（HTTP）,72,5,1,"['', '']",,['TBM-T002 '],0 ,,,"['', '']","['', '']",0,"['', '']",,,2021-11-09 15:52:57
2021-11-09,15:54:11,61764201,,部品検索（HTTP）,178,7,3,"['', '']",150421 ,"['', '']",,8 ,,"['', '']","['1800', '1801', '1803', '1804', '1805', '1806', '1807', '1802 ']",,"['4260', '4260', '4260', '4260', '4260', '4260', '4260', '4260 ']",0,,2021-11-09 15:54:11
2021-11-09,16:02:59,200006,T10,価格検索（HTTP）,67,5,2,"['', '']",,['T10 '],0 ,,,"['', '']","['', '']",0,"['', '']",,,2021-11-09 16:02:59
2021-11-09,15:59:58,619R9102,16294-0036,車輌検索（HTTP）,68,5,2,"['16294', '0036', '', ' ']",,"['', '']",,,,"['136798', '1', 'ﾄﾖﾀ', '75', 'ﾌﾟﾘｳｽ 1800 ﾊｲﾌﾞﾘｯﾄ DOHC', '16294', '0031-0035 0036 0037-0049 0050-0054', 'DAA-ZVW30', '1112', '1511', '2ZRFXE', '1800']","['', '']",,"['', '']",,,2021-11-09 15:59:58
2021-11-09,16:00:11,61073803,1A0234400,価格検索（HTTP）,73,5,1,"['', '']",,['1A0234400 '],0 ,,,"['', '']","['', '']",0,"['', '']",,,2021-11-09 16:00:11
2021-11-09,16:01:46,615F3401,12947055700,互換検索（HTTP）,62,4,0,"['', '']",,['12947055700 '],,,,"['', '']","['', '']",,"['', '']",,12947055700,2021-11-09 16:01:46
2021-11-09,16:03:04,61944603,45119SC000,価格検索（HTTP）,75,5,1,"['', '']",,['45119-SC000 '],0 ,,,"['', '']","['', '']",0,"['', '']",,,2021-11-09 16:03:04
2021-11-09,16:04:43,61133205,U40B,価格検索（HTTP）,68,5,1,"['', '']",,['U40B '],0 ,,,"['', '']","['', '']",0,"['', '']",,,2021-11-09 16:04:43
2021-11-09,16:04:31,61791403,7289378A00,互換検索（HTTP）,61,4,0,"['', '']",,['7289378A00 '],,,,"['', '']","['', '']",,"['', '']",,7289378A00,2021-11-09 16:04:31
