月日,時刻,子ユーザ,入力値,parKurumaNo,ParamList,parHinban,parJunsei,parHMCount,KurumaInfo,parType,parMakerNo,parHinmokuNos,parMakerNos,parSyadaiNo,CallHinban,date
2021-11-09,15:02:16,221002,122905R0004,,"['', '']",['12290-5R0-004 '],0 ,,"['', '']",,0,"['', '']","['', '']",,,2021-11-09 15:02:16
2021-11-09,15:02:32,221002,122905R0004,,"['', '']",['12290-5R0-004 '],0 ,,"['', '']",,0,"['', '']","['', '']",,,2021-11-09 15:02:32
2021-11-09,15:07:49,221002,122905R0004,,"['', '']",['12290-5R0-004 '],0 ,,"['', '']",,0,"['', '']","['', '']",,,2021-11-09 15:07:49
2021-11-09,15:11:40,221002,SD29T,,"['', '', 'SD29T', ' ']","['', '']",,,"['24455', '4', 'ﾏﾂﾀﾞ', '8', 'ﾌﾞﾛｰﾆｨ2200DSL', '4956', '0001 0003', 'N-SD29T', '8401', '8607', 'R2', '2200']",,,"['', '']","['', '']",,,2021-11-09 15:11:40
2021-11-09,15:11:57,221002,R20618300E,,"['', '']",['R206-18-300E '],0 ,,"['', '']",,0,"['', '']","['', '']",,,2021-11-09 15:11:57
2021-11-09,15:44:06,221002,15197-0017,,"['15197', '0017', '', ' ']","['', '']",,,"['122591', '5', 'ﾎﾝﾀﾞ', '47', 'ﾗｲﾌ 660', '15197', '0017', 'DBA-JB5', '0610', '0811', 'P07A', '660']",,,"['', '']","['', '']",,,2021-11-09 15:44:06
2021-11-09,15:44:33,221002,,122591 ,"['', '']","['', '']",,2 ,"['', '']",,,"['6300', '6320 ']","['1040', '1040 ']",0,,2021-11-09 15:44:33
2021-11-09,15:02:17,219008,10417-0013,,"['10417', '0013', '', ' ']","['', '']",,,"['90340', '1', 'ﾄﾖﾀ', '131', 'ｸﾗｳﾝ ｴｽﾃｰﾄ 2500 DOHCﾀｰﾎﾞ', '10417', '0009-0016', 'GH-JZS171W', '9912', '0312', '1JZGTE', '2500']",,,"['', '']","['', '']",,,2021-11-09 15:02:17
2021-11-09,15:02:31,219008,,90340 ,"['', '']","['', '']",,2 ,"['', '']",,,"['6300', '6320 ']","['1040', '1040 ']",0,,2021-11-09 15:02:31
2021-11-09,15:04:06,219008,ZM6,,"['', '', 'ZM6', ' ']","['', '']",,,[''],,,"['', '']","['', '']",,,2021-11-09 15:04:06
2021-11-09,16:03:55,219008,18094-0615,,"['18094', '0615', '', ' ']","['', '']",,,"['147906', '8', 'ｽｽﾞｷ', '42', 'ｽﾍﾟｰｼｱ ｶｽﾀﾑZ 660 DOHC', '18094', '0615', 'DAA-MK42S', '1612', '1711', 'R06A', '660']",,,"['', '']","['', '']",,,2021-11-09 16:03:55
2021-11-09,16:04:01,219008,,147906 ,"['', '']","['', '']",,8 ,"['', '']",,,"['1800', '1801', '1803', '1804', '1805', '1806', '1807', '1802 ']","['4260', '4260', '4260', '4260', '4260', '4260', '4260', '4260 ']",0,,2021-11-09 16:04:01
2021-11-09,15:02:20,61160301,11751HA003,,"['', '']",['11751HA003 '],,,"['', '']",,,"['', '']","['', '']",,11751HA003,2021-11-09 15:02:20
2021-11-09,15:02:33,61160301,11751HA003,,"['', '']",['11751-HA003 '],,,"['', '']",,,"['', '']","['', '']",,11751HA003,2021-11-09 15:02:33
2021-11-09,15:32:40,61160301,1907097207,,"['', '']",['1907097207 '],0 ,,"['', '']",,0,"['', '']","['', '']",,,2021-11-09 15:32:40
2021-11-09,15:32:40,61160301,1907097207,,"['', '']",['1907097207 '],0 ,,"['', '']",,0,"['', '']","['', '']",,,2021-11-09 15:32:40
2021-11-09,15:45:59,61160301,TRH200,,"['', '', 'TRH200', ' ']","['', '']",,,"['116220', '1', 'ﾄﾖﾀ', '26', 'ﾊｲｴｰｽ 2000 ﾊﾞﾝ ﾛﾝｸﾞ DOHC', '12592', '0001-0008 0049-0056', 'CBF-TRH200K', '0408', '1312', '1TRFE', '2000']",,,"['', '']","['', '']",,,2021-11-09 15:45:59
2021-11-09,15:46:03,61160301,TRH200,,"['', '', 'TRH200', ' ']","['', '']",,,"['116220', '1', 'ﾄﾖﾀ', '26', 'ﾊｲｴｰｽ 2000 ﾊﾞﾝ ﾛﾝｸﾞ DOHC', '12592', '0001-0008 0049-0056', 'CBF-TRH200K', '0408', '1312', '1TRFE', '2000']",,,"['', '']","['', '']",,,2021-11-09 15:46:03
2021-11-09,15:02:24,61950901,1518887402,,"['', '']",['1518887402 '],,,"['', '']",,,"['', '']","['', '']",,1518887402,2021-11-09 15:02:24
2021-11-09,15:02:39,61950901,1518887401,,"['', '']",['1518887401 '],,,"['', '']",,,"['', '']","['', '']",,1518887401,2021-11-09 15:02:39
2021-11-09,15:02:49,61950901,1518887403,,"['', '']",['1518887403 '],0 ,,"['', '']",,0,"['', '']","['', '']",,,2021-11-09 15:02:49
2021-11-09,15:53:53,61950901,4852097B18,,"['', '']",['48520-97B18 '],0 ,,"['', '']",,0,"['', '']","['', '']",,,2021-11-09 15:53:53
2021-11-09,15:54:11,61950901,4853197292,,"['', '']",['48531-97292 '],,,"['', '']",,,"['', '']","['', '']",,4853197292,2021-11-09 15:54:11
2021-11-09,15:02:44,61385001,3370550F11,,"['', '']",['3370550F11 '],0 ,,"['', '']",,0,"['', '']","['', '']",,,2021-11-09 15:02:44
2021-11-09,15:03:23,61385001,06930-0010,,"['06930', '0010', '', ' ']","['', '']",,,"['46611', '8', 'ｽｽﾞｷ', '11', 'ｷｬﾘｰ 660 ﾊﾞﾝ', '6930', '0010', 'V-DF51V', '9109', '9311', 'F6A', '660']",,,"['', '']","['', '']",,,2021-11-09 15:03:23
2021-11-09,15:03:33,61385001,,46611 ,"['', '']","['', '']",,9 ,"['', '']",,,"['2120', '2121', '2122', '2123', '2125', '2124', '2140', '2141', '2142 ']","['2280', '2280', '2280', '2280', '2280', '2280', '2280', '2280', '2280 ']",0,,2021-11-09 15:03:33
2021-11-09,15:27:47,61385001,5340176G02,,"['', '']",['5340176G02 '],0 ,,"['', '']",,0,"['', '']","['', '']",,,2021-11-09 15:27:47
2021-11-09,15:02:45,61371904,12615-0005,,"['12615', '0005', '', ' ']","['', '']",,,"['116055', '2', '日産', '91', 'ﾑﾗｰﾉ 3500 DOHC', '12615', '0001 0002 0004-0006 0008', 'CBA-PZ50', '0409', '0809', 'VQ35DE', '3500']",,,"['', '']","['', '']",,,2021-11-09 15:02:45
2021-11-09,15:03:01,61371904,,116055 ,"['', '']","['', '']",,42 ,"['', '']",,,"['3360', '3360', '3360', '3361', '3361', '3361', '3362', '3362', '3362', '3363', '3363', '3363', '3364', '3364', '3364', '3365', '3365', '3365', '3366', '3366', '3366', '3380', '3380', '3380', '3381', '3381', '3381', '3382', '3382', '3382', '3383', '3383', '3383', '3384', '3384', '3384', '3385', '3385', '3385', '3386', '3386', '3386 ']","['2800', '2820', '4340', '2800', '2820', '4340', '2800', '2820', '4340', '2800', '2820', '4340', '2800', '2820', '4340', '2800', '2820', '4340', '2800', '2820', '4340', '2800', '2820', '4340', '2800', '2820', '4340', '2800', '2820', '4340', '2800', '2820', '4340', '2800', '2820', '4340', '2800', '2820', '4340', '2800', '2820', '4340 ']",0,,2021-11-09 15:03:01
2021-11-09,15:05:46,610AK301,09190-0174,,"['09190', '0174', '', ' ']","['', '']",,,"['86246', '8', 'ｽｽﾞｷ', '7', 'ｱﾙﾄ ﾜｰｸｽ 660 DOHC ﾀｰﾎﾞ', '9190', '0174', 'GF-HA22S', '9810', '9910', 'K6AT', '660']",,,"['', '']","['', '']",,,2021-11-09 15:05:46
2021-11-09,15:05:58,610AK301,S25U,,"['', '']",['S25U '],0 ,,"['', '']",,0,"['', '']","['', '']",,,2021-11-09 15:05:58
2021-11-09,15:06:06,610AK301,H3A,,"['', '']",['H3A '],,,"['', '']",,,"['', '']","['', '']",,H3A,2021-11-09 15:06:06
2021-11-09,15:06:31,610AK301,T10,,"['', '']",['T10 '],,,"['', '']",,,"['', '']","['', '']",,T10,2021-11-09 15:06:31
2021-11-09,15:07:03,193015,WK503,,"['', '']",['WK503 '],0 ,,"['', '']",,0,"['', '']","['', '']",,,2021-11-09 15:07:03
2021-11-09,15:15:13,193015,RN101,,"['', '']",['RN101 '],,,"['', '']", ,,"['', '']","['', '']",,RN101,2021-11-09 15:15:13
2021-11-09,15:15:14,193015,RN101,,"['', '']",['RN101 '],0 ,,"['', '']",,0,"['', '']","['', '']",,,2021-11-09 15:15:14
2021-11-09,15:09:49,61989002,A27,,"['', '']",['A27 '],,,"['', '']",,,"['', '']","['', '']",,A27,2021-11-09 15:09:49
2021-11-09,15:11:49,61989002,A27,,"['', '']",['A27 '],,,"['', '']",,,"['', '']","['', '']",,A27,2021-11-09 15:11:49
2021-11-09,15:11:49,61989002,A27,,"['', '']",['A27 '],,,"['', '']",,,"['', '']","['', '']",,A27,2021-11-09 15:11:49
2021-11-09,15:35:16,61989002,16606-0094,,"['16606', '0094', '', ' ']","['', '']",,,"['133840', '1', 'ﾄﾖﾀ', '26', 'ﾊｲｴｰｽ 3000 ﾊﾞﾝ ﾛﾝｸﾞ ﾀｰﾎﾞ', '16606', '0049-0064 0089-0096', 'LDF-KDH206K', '1007', '1711', '1KDFTV', '3000']",,,"['', '']","['', '']",,,2021-11-09 15:35:16
2021-11-09,15:35:43,61989002,4806826170,,"['', '']",['48068-26170 '],0 ,,"['', '']",,0,"['', '']","['', '']",,,2021-11-09 15:35:43
2021-11-09,15:36:18,61989002,4806826170,,"['', '']",['48068-26170 '],0 ,,"['', '']",,0,"['', '']","['', '']",,,2021-11-09 15:36:18
2021-11-09,15:12:07,613R1701,MD325440,,"['', '']",['MD325440 '],,,"['', '']",,,"['', '']","['', '']",,MD325440,2021-11-09 15:12:07
2021-11-09,15:13:09,417002,VTW550,,"['', '']",['VTW550 '],,,"['', '']",,,"['', '']","['', '']",,VTW550,2021-11-09 15:13:09
2021-11-09,15:14:57,61380401,TRH413,,"['', '']",['TRH413 '],,,"['', '']",,,"['', '']","['', '']",,TRH413,2021-11-09 15:14:57
2021-11-09,15:17:25,61535311,SB6612,,"['', '']",['SB6612 '],,,"['', '']",,,"['', '']","['', '']",,SB6612,2021-11-09 15:17:25
2021-11-09,15:17:39,617Z6807,1K0418300A,,"['', '']",['1K0418300A '],,,"['', '']",,,"['', '']","['', '']",,1K0418300A,2021-11-09 15:17:39
2021-11-09,15:18:05,Demo0741,11672-0020,,"['11672', '0020', '', ' ']","['', '']",,,"['106060', '6', 'ﾀﾞｲﾊﾂ', '15', 'ﾑｰﾌﾞ ｶｽﾀﾑ 660 DOHC', '11672', '0020', 'UA-L150S', '0210', '0309', 'EFVE', '660']",,,"['', '']","['', '']",,,2021-11-09 15:18:05
2021-11-09,15:18:35,Demo0741,,106060 ,"['', '']","['', '']",,88 ,"['', '']",,,"['1020', '1021', '1022', '1060', '1061', '1062', '1100', '1140', '1101', '1141', '1102', '1142', '1020', '1021', '1023', '1025', '1022', '1024', '1026', '1300', '1301', '1340', '1341', '1302', '1342', '1303', '1060', '1061', '1062', '1120', '1121', '1472', '1473', '1100', '1140', '1101', '1141', '1102', '1142', '1180', '1181', '1182', '1120', '1121', '1380', '1420', '1381', '1421', '1382', '1422', '1500', '1501', '1502', '1503', '1504', '1520', '1525', '1460', '1461', '1462', '1465', '1464', '1466', '1467', '1491', '1492', '1600', '1620', '1480', '1481', '3320', '3321', '3322', '1472', '1473', '1470', '1471', '1423', '1424', '1020', '1021', '1022', '1060', '1061', '1062', '1060', '1061', '1062 ']","['3200', '3200', '3200', '3200', '3200', '3200', '3200', '3200', '3200', '3200', '3200', '3200', '2260', '2260', '2260', '2260', '2260', '2260', '2260', '2260', '2260', '2260', '2260', '2260', '2260', '2260', '2260', '2260', '2260', '2260', '2260', '2260', '2260', '4280', '4280', '4280', '4280', '4280', '4280', '4280', '4280', '4280', '4280', '4280', '4280', '4280', '4280', '4280', '4280', '4280', '4280', '4280', '4280', '4280', '4280', '4280', '4280', '4280', '4280', '4280', '4280', '4280', '4280', '4280', '4280', '4280', '4280', '4280', '4280', '4280', '4280', '4280', '4280', '4280', '4280', '4280', '4280', '4280', '4280', '4060', '4060', '4060', '4060', '4060', '4060', '1040', '1040', '1040 ']",0,,2021-11-09 15:18:35
2021-11-09,15:18:38,Demo0741,J6100,,"['', '']",['J6100 '],0 ,,"['', '']",,0,"['', '']","['', '']",,,2021-11-09 15:18:38
2021-11-09,15:18:49,Demo0741,J6100,,"['', '']",['J6100 '],0 ,,"['', '']",,0,"['', '']","['', '']",,,2021-11-09 15:18:49
2021-11-09,15:19:15,Demo0741,47201B2010,,"['', '']",['47201-B2010 '],0 ,,"['', '']",,0,"['', '']","['', '']",,,2021-11-09 15:19:15
2021-11-09,15:19:15,Demo0741,47201B2010,,"['', '']",['47201-B2010 '],0 ,,"['', '']",,0,"['', '']","['', '']",,,2021-11-09 15:19:15
2021-11-09,15:20:37,Demo0741,16806-0004,,"['16806', '0004', '', ' ']","['', '']",,,"['134874', '1', 'ﾄﾖﾀ', '153', 'ﾌﾟﾘｳｽ ｱﾙﾌｧ 1800 ﾊｲﾌﾞﾘｯﾄ', '16806', '0001-0008', 'DAA-ZVW41W', '1105', '1411', '2ZRFXE', '1800']",,,"['', '']","['', '']",,,2021-11-09 15:20:37
2021-11-09,15:21:11,Demo0741,1756522040,,"['', '']",['17565-22040 '],0 ,,"['', '']",,0,"['', '']","['', '']",,,2021-11-09 15:21:11
2021-11-09,15:21:22,Demo0741,1756522030,,"['', '']",['17565-22030 '],0 ,,"['', '']",,0,"['', '']","['', '']",,,2021-11-09 15:21:22
2021-11-09,15:21:48,Demo0741,1756522030,,"['', '']",['17565-22030 '],0 ,,"['', '']",,0,"['', '']","['', '']",,,2021-11-09 15:21:48
2021-11-09,15:22:12,Demo0741,4553549015,,"['', '']",['45535-49015 '],0 ,,"['', '']",,0,"['', '']","['', '']",,,2021-11-09 15:22:12
2021-11-09,15:22:26,Demo0741,1745123042,,"['', '']",['17451-23042 '],0 ,,"['', '']",,0,"['', '']","['', '']",,,2021-11-09 15:22:26
2021-11-09,15:20:29,613R1703,5340178A01,,"['', '']",['5340178A01 '],0 ,,"['', '']",,0,"['', '']","['', '']",,,2021-11-09 15:20:29
2021-11-09,15:23:47,613R1703,5340278A01,,"['', '']",['5340278A01 '],0 ,,"['', '']",,0,"['', '']","['', '']",,,2021-11-09 15:23:47
2021-11-09,15:20:54,194020,,134818 ,"['', '']","['', '']",,24 ,"['', '']",,,"['9830', '9840', '9830', '9840', '9830', '9840', '9830', '9840', '9830', '9840', '9830', '9840', '9830', '9840', '9830', '9840', '9830', '9840', '9830', '9840', '9830', '9840', '9830', '9840 ']","['0010', '0010', '0020', '0020', '0030', '0030', '0040', '0040', '0050', '0050', '0060', '0060', '0070', '0070', '0080', '0080', '0090', '0090', '0100', '0100', '0110', '0110', '0120', '0120 ']",0,,2021-11-09 15:20:54
2021-11-09,15:21:01,194020,145R12,,"['', '']",['145R12 '],0 ,,"['', '']",,0,"['', '']","['', '']",,,2021-11-09 15:21:01
2021-11-09,15:21:24,194020,S500P,,"['', '', 'S500P', ' ']","['', '']",,,"['141966', '6', 'ﾀﾞｲﾊﾂ', '10', 'ﾊｲｾﾞｯﾄ 660 DOHC ﾄﾗｯｸ', '17818', '0013-0020', 'EBD-S500P', '1407', '1805', 'KFVE', '660']",,,"['', '']","['', '']",,,2021-11-09 15:21:24
2021-11-09,15:21:34,194020,,142921 ,"['', '']","['', '']",,24 ,"['', '']",,,"['9830', '9840', '9830', '9840', '9830', '9840', '9830', '9840', '9830', '9840', '9830', '9840', '9830', '9840', '9830', '9840', '9830', '9840', '9830', '9840', '9830', '9840', '9830', '9840 ']","['0010', '0010', '0020', '0020', '0030', '0030', '0040', '0040', '0050', '0050', '0060', '0060', '0070', '0070', '0080', '0080', '0090', '0090', '0100', '0100', '0110', '0110', '0120', '0120 ']",0,,2021-11-09 15:21:34
2021-11-09,15:21:35,194020,145R12,,"['', '']",['145R12 6PR LT '],0 ,,"['', '']",,0,"['', '']","['', '']",,,2021-11-09 15:21:35
2021-11-09,15:22:35,61720504,3882379R00,,"['', '']",['3882379R00 '],0 ,,"['', '']",,0,"['', '']","['', '']",,,2021-11-09 15:22:35
2021-11-09,15:23:06,61761409,21304A00D,,"['', '']",['21304A00D '],,,"['', '']",,,"['', '']","['', '']",,21304A00D,2021-11-09 15:23:06
2021-11-09,15:23:27,619E4601,16605-0325,,"['16605', '0325', '', ' ']","['', '']",,,"['140318', '1', 'ﾄﾖﾀ', '26', 'ﾊｲｴｰｽ 3000 ﾊﾞﾝ ﾛﾝｸﾞ ﾀｰﾎﾞ', '16605', '0325-0327 0329 0333 0335 0337', 'QDF-KDH201V', '1205', '1711', '1KDFTV', '3000']",,,"['', '']","['', '']",,,2021-11-09 15:23:27
2021-11-09,15:24:55,194009,11220-0036,,"['11220', '0036', '', ' ']","['', '']",,,"['103955', '6', 'ﾀﾞｲﾊﾂ', '10', 'ﾊｲｾﾞｯﾄ ｶｰｺﾞ 660 ﾊﾞﾝ', '11220', '0036', 'TE-S200V', '0201', '0305', 'EFSE', '660']",,,"['', '']","['', '']",,,2021-11-09 15:24:55
2021-11-09,15:25:13,194009,1741100000000,,"['', '']",['17410-97549-000 '],0 ,,"['', '']",,0,"['', '']","['', '']",,,2021-11-09 15:25:13
2021-11-09,15:34:55,194009,11944-0008,,"['11944', '0008', '', ' ']","['', '']",,,"['113112', '8', 'ｽｽﾞｷ', '16', 'ﾜｺﾞﾝR 660 DOHC', '11944', '0008', 'UA-MH21S', '0309', '0404', 'K6A', '660']",,,"['', '']","['', '']",,,2021-11-09 15:34:55
2021-11-09,15:35:03,194009,,113112 ,"['', '']","['', '']",,9 ,"['', '']",,,"['2300', '2301', '2302', '2303', '2340', '2341', '2342', '2343', '2344 ']","['2180', '2180', '2180', '2180', '2180', '2180', '2180', '2180', '2180 ']",0,,2021-11-09 15:35:03
2021-11-09,15:25:20,186009,MR267876,,"['', '']",['MR267876 '],,,"['', '']",,,"['', '']","['', '']",,MR267876,2021-11-09 15:25:20
2021-11-09,15:25:34,610TB106,,102277 ,"['', '']","['', '']",,7 ,"['', '']",,,"['1300', '1301', '1340', '1341', '1302', '1342', '1303 ']","['2260', '2260', '2260', '2260', '2260', '2260', '2260 ']",0,,2021-11-09 15:25:34
2021-11-09,15:26:14,610TB106,,102277 ,"['', '']","['', '']",,12 ,"['', '']",,,"['1060', '1060', '1060', '1060', '1061', '1061', '1061', '1061', '1062', '1062', '1062', '1062 ']","['1040', '3200', '2260', '4060', '1040', '3200', '2260', '4060', '1040', '3200', '2260', '4060 ']",0,,2021-11-09 15:26:14
2021-11-09,15:30:10,610TB106,,102277 ,"['', '']","['', '']",,9 ,"['', '']",,,"['1380', '1420', '1381', '1421', '1382', '1422', '3320', '3321', '3322 ']","['4280', '4280', '4280', '4280', '4280', '4280', '4280', '4280', '4280 ']",0,,2021-11-09 15:30:10
2021-11-09,15:30:42,610TB106,,102277 ,"['', '']","['', '']",,2 ,"['', '']",,,"['1660', '1660 ']","['2300', '4060 ']",0,,2021-11-09 15:30:42
2021-11-09,15:31:19,610TB106,,102277 ,"['', '']","['', '']",,1 ,"['', '']",,,['1680 '],['2300 '],0,,2021-11-09 15:31:19
2021-11-09,15:32:06,610TB106,,102277 ,"['', '']","['', '']",,1 ,"['', '']",,,['1700 '],['2300 '],0,,2021-11-09 15:32:06
2021-11-09,15:32:15,610TB106,4170079A01,,"['', '']",['41700-79A01 '],0 ,,"['', '']",,0,"['', '']","['', '']",,,2021-11-09 15:32:15
2021-11-09,15:32:29,610TB106,4411967H00,,"['', '']",['44119-67H00 '],0 ,,"['', '']",,0,"['', '']","['', '']",,,2021-11-09 15:32:29
2021-11-09,15:32:48,610TB106,,102277 ,"['', '']","['', '']",,42 ,"['', '']",,,"['3360', '3360', '3360', '3361', '3361', '3361', '3362', '3362', '3362', '3363', '3363', '3363', '3364', '3364', '3364', '3365', '3365', '3365', '3366', '3366', '3366', '3380', '3380', '3380', '3381', '3381', '3381', '3382', '3382', '3382', '3383', '3383', '3383', '3384', '3384', '3384', '3385', '3385', '3385', '3386', '3386', '3386 ']","['2800', '2820', '4340', '2800', '2820', '4340', '2800', '2820', '4340', '2800', '2820', '4340', '2800', '2820', '4340', '2800', '2820', '4340', '2800', '2820', '4340', '2800', '2820', '4340', '2800', '2820', '4340', '2800', '2820', '4340', '2800', '2820', '4340', '2800', '2820', '4340', '2800', '2820', '4340', '2800', '2820', '4340 ']",0,,2021-11-09 15:32:48
2021-11-09,15:33:05,610TB106,,102277 ,"['', '']","['', '']",,8 ,"['', '']",,,"['3880', '3880', '3881', '3881', '3882', '3882', '4300', '4300 ']","['2840', '4280', '2840', '4280', '2840', '4280', '4360', '3600 ']",0,,2021-11-09 15:33:05
2021-11-09,15:33:35,610TB106,,102277 ,"['', '']","['', '']",,1 ,"['', '']",,,['2460 '],['2290 '],0,,2021-11-09 15:33:35
2021-11-09,15:42:15,610TB106,,102277 ,"['', '']","['', '']",,10 ,"['', '']",,,"['2060', '2060', '2061', '2061', '2062', '2062', '2063', '2063', '5270', '5020 ']","['2480', '2520', '2480', '2520', '2480', '2520', '2480', '2520', '2840', '2840 ']",0,,2021-11-09 15:42:15
2021-11-09,15:42:51,610TB106,7434185501,,"['', '']",['74341-85501 '],0 ,,"['', '']",,0,"['', '']","['', '']",,,2021-11-09 15:42:51
2021-11-09,15:46:20,610TB106,15982-0007,,"['15982', '0007', '', ' ']","['', '']",,,"['134912', '6', 'ﾀﾞｲﾊﾂ', '10', 'ﾊｲｾﾞｯﾄ ｶｰｺﾞ 660 DOHC', '15982', '0005-0008 0025-0028', 'GBD-S321V', '0712', '1012', 'KFVE', '660']",,,"['', '']","['', '']",,,2021-11-09 15:46:20
2021-11-09,15:46:32,610TB106,PL7002,,"['', '']",['PL7002 '],0 ,,"['', '']",,0,"['', '']","['', '']",,,2021-11-09 15:46:32
2021-11-09,15:47:25,610TB106,15983-0225,,"['15983', '0225', '', ' ']","['', '']",,,"['144858', '6', 'ﾀﾞｲﾊﾂ', '10', 'ﾊｲｾﾞｯﾄ ｶｰｺﾞ 660 DOHC', '15983', '0224 0225', 'EBD-S321V', '1212', '1503', 'KFVE', '660']",,,"['', '']","['', '']",,,2021-11-09 15:47:25
2021-11-09,15:47:35,610TB106,PL7002,,"['', '']",['PL7002 '],0 ,,"['', '']",,0,"['', '']","['', '']",,,2021-11-09 15:47:35
2021-11-09,15:49:02,610TB106,DA64V,,"['', '', 'DA64V', ' ']","['', '']",,,"['118701', '8', 'ｽｽﾞｷ', '22', 'ｴﾌﾞﾘｨ 660 DOHC', '15132', '0009', 'EBD-DA64V', '0508', '1005', 'K6A', '660']",,,"['', '']","['', '']",,,2021-11-09 15:49:02
2021-11-09,15:26:50,419001,16011-0011,,"['16011', '0011', '', ' ']","['', '']",,,[''],,,"['', '']","['', '']",,,2021-11-09 15:26:50
2021-11-09,15:27:03,419001,16011-0011,,"['16011', '0011', '', ' ']","['', '']",,,[''],,,"['', '']","['', '']",,,2021-11-09 15:27:03
2021-11-09,15:27:29,419001,16010-0011,,"['16010', '0011', '', ' ']","['', '']",,,"['126792', '6', 'ﾀﾞｲﾊﾂ', '34', 'ﾀﾝﾄ ｶｽﾀﾑ 660 DOHC', '16010', '0011 0018 0027', 'DBA-L375S', '0712', '1010', 'KFVE', '660']",,,"['', '']","['', '']",,,2021-11-09 15:27:29
2021-11-09,15:27:32,610EN301,8971304710,,"['', '']",['8971304710 '],0 ,,"['', '']",,0,"['', '']","['', '']",,,2021-11-09 15:27:32
2021-11-09,15:27:58,209002,17007-0005,,"['17007', '0005', '', ' ']","['', '']",,,"['136183', '5', 'ﾎﾝﾀﾞ', '73', 'ﾌﾘｰﾄﾞ ﾊｲﾌﾞﾘｯﾄﾞ 1500', '17007', '0002 0005 0007-0010', 'DAA-GP3', '1110', '1404', 'LEA', '1500']",,,"['', '']","['', '']",,,2021-11-09 15:27:58
2021-11-09,15:28:18,209002,,136183 ,"['', '']","['', '']",,40 ,"['', '']",,,"['4743', '4743', '4745', '4900', '4900', '4901', '4901', '4902', '4902', '5660', '5620', '5622', '5625', '3845', '4700', '4701', '4702', '4840', '4841', '4842', '4843', '4844', '4860', '4861', '4862', '5700', '5700', '5701', '5701', '5702', '5702', '5820', '5860', '6000', '6020', '6080', '6100', '6120', '6180', '3853 ']","['2840', '4280', '2840', '2840', '4280', '2840', '4280', '2840', '4280', '2840', '2840', '2840', '2840', '1040', '2840', '2840', '2840', '2840', '2840', '2840', '2840', '2840', '2840', '2840', '2840', '2840', '4280', '2840', '4280', '2840', '4280', '2840', '2840', '2840', '2840', '2840', '2840', '2840', '2840', '4280 ']",0,,2021-11-09 15:28:18
2021-11-09,15:28:18,209002,,136183 ,"['', '']","['', '']",,40 ,"['', '']",,,"['4743', '4743', '4745', '4900', '4900', '4901', '4901', '4902', '4902', '5660', '5620', '5622', '5625', '3845', '4700', '4701', '4702', '4840', '4841', '4842', '4843', '4844', '4860', '4861', '4862', '5700', '5700', '5701', '5701', '5702', '5702', '5820', '5860', '6000', '6020', '6080', '6100', '6120', '6180', '3853 ']","['2840', '4280', '2840', '2840', '4280', '2840', '4280', '2840', '4280', '2840', '2840', '2840', '2840', '1040', '2840', '2840', '2840', '2840', '2840', '2840', '2840', '2840', '2840', '2840', '2840', '2840', '4280', '2840', '4280', '2840', '4280', '2840', '2840', '2840', '2840', '2840', '2840', '2840', '2840', '4280 ']",0,,2021-11-09 15:28:18
2021-11-09,15:39:02,209002,17338-0003,,"['17338', '0003', '', ' ']","['', '']",,,"['137956', '2', '日産', '93', 'ﾉｰﾄ 1200 DOHC', '17338', '0003', 'DBA-E12', '1209', '1507', 'HR12DE', '1200']",,,"['', '']","['', '']",,,2021-11-09 15:39:02
2021-11-09,15:39:16,209002,,142449 ,"['', '']","['', '']",,8 ,"['', '']",,,"['1800', '1801', '1803', '1804', '1805', '1806', '1807', '1802 ']","['4260', '4260', '4260', '4260', '4260', '4260', '4260', '4260 ']",0,,2021-11-09 15:39:16
2021-11-09,15:47:47,209002,15159-0001,,"['15159', '0001', '', ' ']","['', '']",,,"['119010', '1', 'ﾄﾖﾀ', '115', 'ｳｨｯｼｭ 1800 DOHC', '15159', '0001-0004', 'DBA-ZNE10G', '0508', '0904', '1ZZFE', '1800']",,,"['', '']","['', '']",,,2021-11-09 15:47:47
2021-11-09,15:47:56,209002,,119010 ,"['', '']","['', '']",,19 ,"['', '']",,,"['3800', '3801', '3802', '4740', '4740', '4741', '4741', '4742', '4742', '3803', '5740', '5740', '3840', '3841', '3842', '3845', '3851', '3843', '3844 ']","['1040', '1040', '1040', '1040', '2840', '1040', '2840', '1040', '2840', '1040', '1040', '2480', '1040', '1040', '1040', '1040', '1040', '1040', '1040 ']",0,,2021-11-09 15:47:56
2021-11-09,15:48:31,209002,16294-0025,,"['16294', '0025', '', ' ']","['', '']",,,"['136796', '1', 'ﾄﾖﾀ', '75', 'ﾌﾟﾘｳｽ 1800 ﾊｲﾌﾞﾘｯﾄ DOHC', '16294', '0025-0030', 'DAA-ZVW30', '1112', '1511', '2ZRFXE', '1800']",,,"['', '']","['', '']",,,2021-11-09 15:48:31
2021-11-09,15:48:46,209002,1745128040,,"['', '']",['17451-28040 '],0 ,,"['', '']",,0,"['', '']","['', '']",,,2021-11-09 15:48:46
2021-11-09,15:55:44,209002,,139557 ,"['', '']","['', '']",,1 ,"['', '']",,,['2460 '],['2290 '],0,,2021-11-09 15:55:44
2021-11-09,15:28:27,61323901,15096-0001,,"['15096', '0001', '', ' ']","['', '']",,,"['116439', '2', '日産', '28', 'ﾏｰﾁ 1500 DOHC', '15096', '0001-0004', 'DBA-YK12', '0508', '0706', 'HR15DE', '1500']",,,"['', '']","['', '']",,,2021-11-09 15:28:27
2021-11-09,15:28:51,61323901,482033U025,,"['', '']",['48203-3U025 '],0 ,,"['', '']",,0,"['', '']","['', '']",,,2021-11-09 15:28:51
2021-11-09,15:29:33,61323901,15096-0001,,"['15096', '0001', '', ' ']","['', '']",,,"['116439', '2', '日産', '28', 'ﾏｰﾁ 1500 DOHC', '15096', '0001-0004', 'DBA-YK12', '0508', '0706', 'HR15DE', '1500']",,,"['', '']","['', '']",,,2021-11-09 15:29:33
2021-11-09,15:30:20,61323901,15096-0001,,"['15096', '0001', '', ' ']","['', '']",,,"['116439', '2', '日産', '28', 'ﾏｰﾁ 1500 DOHC', '15096', '0001-0004', 'DBA-YK12', '0508', '0706', 'HR15DE', '1500']",,,"['', '']","['', '']",,,2021-11-09 15:30:20
2021-11-09,15:31:16,61323901,15096-0001,,"['15096', '0001', '', ' ']","['', '']",,,"['116439', '2', '日産', '28', 'ﾏｰﾁ 1500 DOHC', '15096', '0001-0004', 'DBA-YK12', '0508', '0706', 'HR15DE', '1500']",,,"['', '']","['', '']",,,2021-11-09 15:31:16
2021-11-09,15:31:59,61323901,15096-0001,,"['15096', '0001', '', ' ']","['', '']",,,"['116439', '2', '日産', '28', 'ﾏｰﾁ 1500 DOHC', '15096', '0001-0004', 'DBA-YK12', '0508', '0706', 'HR15DE', '1500']",,,"['', '']","['', '']",,,2021-11-09 15:31:59
2021-11-09,15:33:09,61323901,,116439 ,"['', '']","['', '']",,40 ,"['', '']",,,"['4743', '4743', '4745', '4900', '4900', '4901', '4901', '4902', '4902', '5660', '5620', '5622', '5625', '3845', '4700', '4701', '4702', '4840', '4841', '4842', '4843', '4844', '4860', '4861', '4862', '5700', '5700', '5701', '5701', '5702', '5702', '5820', '5860', '6000', '6020', '6080', '6100', '6120', '6180', '3853 ']","['2840', '4280', '2840', '2840', '4280', '2840', '4280', '2840', '4280', '2840', '2840', '2840', '2840', '1040', '2840', '2840', '2840', '2840', '2840', '2840', '2840', '2840', '2840', '2840', '2840', '2840', '4280', '2840', '4280', '2840', '4280', '2840', '2840', '2840', '2840', '2840', '2840', '2840', '2840', '4280 ']",0,,2021-11-09 15:33:09
2021-11-09,15:33:56,61323901,,116440 ,"['', '']","['', '']",,40 ,"['', '']",,,"['4743', '4743', '4745', '4900', '4900', '4901', '4901', '4902', '4902', '5660', '5620', '5622', '5625', '3845', '4700', '4701', '4702', '4840', '4841', '4842', '4843', '4844', '4860', '4861', '4862', '5700', '5700', '5701', '5701', '5702', '5702', '5820', '5860', '6000', '6020', '6080', '6100', '6120', '6180', '3853 ']","['2840', '4280', '2840', '2840', '4280', '2840', '4280', '2840', '4280', '2840', '2840', '2840', '2840', '1040', '2840', '2840', '2840', '2840', '2840', '2840', '2840', '2840', '2840', '2840', '2840', '2840', '4280', '2840', '4280', '2840', '4280', '2840', '2840', '2840', '2840', '2840', '2840', '2840', '2840', '4280 ']",0,,2021-11-09 15:33:56
2021-11-09,15:34:33,61323901,15096-0001,,"['15096', '0001', '', ' ']","['', '']",,,"['116439', '2', '日産', '28', 'ﾏｰﾁ 1500 DOHC', '15096', '0001-0004', 'DBA-YK12', '0508', '0706', 'HR15DE', '1500']",,,"['', '']","['', '']",,,2021-11-09 15:34:33
2021-11-09,15:35:14,61323901,486403U025,,"['', '']",['48640-3U025 '],0 ,,"['', '']",,0,"['', '']","['', '']",,,2021-11-09 15:35:14
2021-11-09,15:35:45,61323901,E4302AZ11A,,"['', '']",['E4302-AZ11A '],0 ,,"['', '']",,0,"['', '']","['', '']",,,2021-11-09 15:35:45
2021-11-09,15:35:49,61323901,486403U025,,"['', '']",['48640-3U025 '],0 ,,"['', '']",,0,"['', '']","['', '']",,,2021-11-09 15:35:49
2021-11-09,15:36:09,61323901,15096-0001,,"['15096', '0001', '', ' ']","['', '']",,,"['116439', '2', '日産', '28', 'ﾏｰﾁ 1500 DOHC', '15096', '0001-0004', 'DBA-YK12', '0508', '0706', 'HR15DE', '1500']",,,"['', '']","['', '']",,,2021-11-09 15:36:09
2021-11-09,15:37:05,61323901,20651ED10A,,"['', '']",['20651-ED10A '],0 ,,"['', '']",,0,"['', '']","['', '']",,,2021-11-09 15:37:05
2021-11-09,15:38:04,61323901,482033U025,,"['', '']",['48203-3U025 '],0 ,,"['', '']",,0,"['', '']","['', '']",,,2021-11-09 15:38:04
2021-11-09,15:39:26,61323901,482033U025,,"['', '']",['48203-3U025 '],0 ,,"['', '']",,0,"['', '']","['', '']",,,2021-11-09 15:39:26
2021-11-09,15:42:20,61323901,,126188 ,"['', '']","['', '']",,100 ,"['', '']",,,"['4743', '4743', '4745', '4900', '4900', '4901', '4901', '4902', '4902', '5660', '5620', '5622', '5625', '3845', '4700', '4701', '4702', '4840', '4841', '4842', '4843', '4844', '4860', '4861', '4862', '5700', '5700', '5701', '5701', '5702', '5702', '5820', '5860', '6000', '6020', '6080', '6100', '6120', '6180', '3853', '2380', '2420', '2421', '2422', '2423', '2880', '3800', '3801', '3802', '3880', '3881', '3882', '4620', '4650', '4700', '4701', '4702', '4740', '4741', '4742', '4743', '4745', '4780', '4781', '4782', '4783', '4784', '4785', '4786', '4840', '4841', '4842', '4843', '4844', '4860', '4861', '4862', '4880', '4900', '4901', '4902', '4960', '4972', '4973', '4974', '4975', '4983', '4984', '4985', '5020', '5060', '5061', '5062', '5101', '5160', '5220', '5221', '5222', '5260', '5270 ']","['2840', '4280', '2840', '2840', '4280', '2840', '4280', '2840', '4280', '2840', '2840', '2840', '2840', '1040', '2840', '2840', '2840', '2840', '2840', '2840', '2840', '2840', '2840', '2840', '2840', '2840', '4280', '2840', '4280', '2840', '4280', '2840', '2840', '2840', '2840', '2840', '2840', '2840', '2840', '4280', '2840', '2840', '2840', '2840', '2840', '2840', '2840', '2840', '2840', '2840', '2840', '2840', '2840', '2840', '2840', '2840', '2840', '2840', '2840', '2840', '2840', '2840', '2840', '2840', '2840', '2840', '2840', '2840', '2840', '2840', '2840', '2840', '2840', '2840', '2840', '2840', '2840', '2840', '2840', '2840', '2840', '2840', '2840', '2840', '2840', '2840', '2840', '2840', '2840', '2840', '2840', '2840', '2840', '2840', '2840', '2840', '2840', '2840', '2840', '2840 ']",0,,2021-11-09 15:42:20
2021-11-09,15:43:14,61323901,,116440 ,"['', '']","['', '']",,50 ,"['', '']",,,"['5280', '5290', '5320', '5340', '5380', '5420', '5440', '5460', '5480', '5500', '5510', '5511', '5512', '5520', '5570', '5580', '5620', '5622', '5625', '5630', '5660', '5700', '5701', '5702', '5740', '5741', '5742', '5780', '5800', '5820', '5840', '5860', '5880', '5900', '5920', '5940', '5960', '5980', '6000', '6020', '6040', '6060', '6080', '6100', '6120', '6140', '6160', '6180', '6190', '6210 ']","['2840', '2840', '2840', '2840', '2840', '2840', '2840', '2840', '2840', '2840', '2840', '2840', '2840', '2840', '2840', '2840', '2840', '2840', '2840', '2840', '2840', '2840', '2840', '2840', '2840', '2840', '2840', '2840', '2840', '2840', '2840', '2840', '2840', '2840', '2840', '2840', '2840', '2840', '2840', '2840', '2840', '2840', '2840', '2840', '2840', '2840', '2840', '2840', '2840', '2840 ']",0,,2021-11-09 15:43:14
2021-11-09,15:46:48,61323901,485213U025,,"['', '']",['48521-3U025 '],0 ,,"['', '']",,0,"['', '']","['', '']",,,2021-11-09 15:46:48
2021-11-09,15:47:55,61323901,,126188 ,"['', '']","['', '']",,68 ,"['', '']",,,"['3800', '3801', '3802', '4740', '4740', '4741', '4741', '4742', '4742', '3803', '5740', '5740', '3840', '3841', '3842', '3845', '3851', '3843', '3844', '4743', '4743', '4745', '4900', '4900', '4901', '4901', '4902', '4902', '5660', '5620', '5622', '5625', '3845', '4700', '4701', '4702', '4840', '4841', '4842', '4843', '4844', '4860', '4861', '4862', '5700', '5700', '5701', '5701', '5702', '5702', '5820', '5860', '6000', '6020', '6080', '6100', '6120', '6180', '3853', '3760', '3760', '3761', '3761', '3762', '3762', '5660', '8570', '8310 ']","['1040', '1040', '1040', '1040', '2840', '1040', '2840', '1040', '2840', '1040', '1040', '2480', '1040', '1040', '1040', '1040', '1040', '1040', '1040', '2840', '4280', '2840', '2840', '4280', '2840', '4280', '2840', '4280', '2840', '2840', '2840', '2840', '1040', '2840', '2840', '2840', '2840', '2840', '2840', '2840', '2840', '2840', '2840', '2840', '2840', '4280', '2840', '4280', '2840', '4280', '2840', '2840', '2840', '2840', '2840', '2840', '2840', '2840', '4280', '2240', '4400', '2240', '4400', '2240', '4400', '2840', '1040', '1040 ']",0,,2021-11-09 15:47:55
2021-11-09,15:48:09,61323901,,116439 ,"['', '']","['', '']",,68 ,"['', '']",,,"['3800', '3801', '3802', '4740', '4740', '4741', '4741', '4742', '4742', '3803', '5740', '5740', '3840', '3841', '3842', '3845', '3851', '3843', '3844', '4743', '4743', '4745', '4900', '4900', '4901', '4901', '4902', '4902', '5660', '5620', '5622', '5625', '3845', '4700', '4701', '4702', '4840', '4841', '4842', '4843', '4844', '4860', '4861', '4862', '5700', '5700', '5701', '5701', '5702', '5702', '5820', '5860', '6000', '6020', '6080', '6100', '6120', '6180', '3853', '3760', '3760', '3761', '3761', '3762', '3762', '5660', '8570', '8310 ']","['1040', '1040', '1040', '1040', '2840', '1040', '2840', '1040', '2840', '1040', '1040', '2480', '1040', '1040', '1040', '1040', '1040', '1040', '1040', '2840', '4280', '2840', '2840', '4280', '2840', '4280', '2840', '4280', '2840', '2840', '2840', '2840', '1040', '2840', '2840', '2840', '2840', '2840', '2840', '2840', '2840', '2840', '2840', '2840', '2840', '4280', '2840', '4280', '2840', '4280', '2840', '2840', '2840', '2840', '2840', '2840', '2840', '2840', '4280', '2240', '4400', '2240', '4400', '2240', '4400', '2840', '1040', '1040 ']",0,,2021-11-09 15:48:09
2021-11-09,15:48:27,61323901,,126188 ,"['', '']","['', '']",,68 ,"['', '']",,,"['3800', '3801', '3802', '4740', '4740', '4741', '4741', '4742', '4742', '3803', '5740', '5740', '3840', '3841', '3842', '3845', '3851', '3843', '3844', '4743', '4743', '4745', '4900', '4900', '4901', '4901', '4902', '4902', '5660', '5620', '5622', '5625', '3845', '4700', '4701', '4702', '4840', '4841', '4842', '4843', '4844', '4860', '4861', '4862', '5700', '5700', '5701', '5701', '5702', '5702', '5820', '5860', '6000', '6020', '6080', '6100', '6120', '6180', '3853', '3760', '3760', '3761', '3761', '3762', '3762', '5660', '8570', '8310 ']","['1040', '1040', '1040', '1040', '2840', '1040', '2840', '1040', '2840', '1040', '1040', '2480', '1040', '1040', '1040', '1040', '1040', '1040', '1040', '2840', '4280', '2840', '2840', '4280', '2840', '4280', '2840', '4280', '2840', '2840', '2840', '2840', '1040', '2840', '2840', '2840', '2840', '2840', '2840', '2840', '2840', '2840', '2840', '2840', '2840', '4280', '2840', '4280', '2840', '4280', '2840', '2840', '2840', '2840', '2840', '2840', '2840', '2840', '4280', '2240', '4400', '2240', '4400', '2240', '4400', '2840', '1040', '1040 ']",0,,2021-11-09 15:48:27
2021-11-09,15:48:27,61323901,,126188 ,"['', '']","['', '']",,68 ,"['', '']",,,"['3800', '3801', '3802', '4740', '4740', '4741', '4741', '4742', '4742', '3803', '5740', '5740', '3840', '3841', '3842', '3845', '3851', '3843', '3844', '4743', '4743', '4745', '4900', '4900', '4901', '4901', '4902', '4902', '5660', '5620', '5622', '5625', '3845', '4700', '4701', '4702', '4840', '4841', '4842', '4843', '4844', '4860', '4861', '4862', '5700', '5700', '5701', '5701', '5702', '5702', '5820', '5860', '6000', '6020', '6080', '6100', '6120', '6180', '3853', '3760', '3760', '3761', '3761', '3762', '3762', '5660', '8570', '8310 ']","['1040', '1040', '1040', '1040', '2840', '1040', '2840', '1040', '2840', '1040', '1040', '2480', '1040', '1040', '1040', '1040', '1040', '1040', '1040', '2840', '4280', '2840', '2840', '4280', '2840', '4280', '2840', '4280', '2840', '2840', '2840', '2840', '1040', '2840', '2840', '2840', '2840', '2840', '2840', '2840', '2840', '2840', '2840', '2840', '2840', '4280', '2840', '4280', '2840', '4280', '2840', '2840', '2840', '2840', '2840', '2840', '2840', '2840', '4280', '2240', '4400', '2240', '4400', '2240', '4400', '2840', '1040', '1040 ']",0,,2021-11-09 15:48:27
2021-11-09,15:49:22,61323901,,116439 ,"['', '']","['', '']",,40 ,"['', '']",,,"['4743', '4743', '4745', '4900', '4900', '4901', '4901', '4902', '4902', '5660', '5620', '5622', '5625', '3845', '4700', '4701', '4702', '4840', '4841', '4842', '4843', '4844', '4860', '4861', '4862', '5700', '5700', '5701', '5701', '5702', '5702', '5820', '5860', '6000', '6020', '6080', '6100', '6120', '6180', '3853 ']","['2840', '4280', '2840', '2840', '4280', '2840', '4280', '2840', '4280', '2840', '2840', '2840', '2840', '1040', '2840', '2840', '2840', '2840', '2840', '2840', '2840', '2840', '2840', '2840', '2840', '2840', '4280', '2840', '4280', '2840', '4280', '2840', '2840', '2840', '2840', '2840', '2840', '2840', '2840', '4280 ']",0,,2021-11-09 15:49:22
2021-11-09,15:50:25,61323901,482033U025,,"['', '']",['48203-3U025 '],0 ,,"['', '']",,0,"['', '']","['', '']",,,2021-11-09 15:50:25
2021-11-09,15:51:27,61323901,,116440 ,"['', '']","['', '']",,100 ,"['', '']",,,"['4743', '4743', '4745', '4900', '4900', '4901', '4901', '4902', '4902', '5660', '5620', '5622', '5625', '3845', '4700', '4701', '4702', '4840', '4841', '4842', '4843', '4844', '4860', '4861', '4862', '5700', '5700', '5701', '5701', '5702', '5702', '5820', '5860', '6000', '6020', '6080', '6100', '6120', '6180', '3853', '2380', '2420', '2421', '2422', '2423', '2880', '3800', '3801', '3802', '3880', '3881', '3882', '4620', '4650', '4700', '4701', '4702', '4740', '4741', '4742', '4743', '4745', '4780', '4781', '4782', '4783', '4784', '4785', '4786', '4840', '4841', '4842', '4843', '4844', '4860', '4861', '4862', '4880', '4900', '4901', '4902', '4960', '4972', '4973', '4974', '4975', '4983', '4984', '4985', '5020', '5060', '5061', '5062', '5101', '5160', '5220', '5221', '5222', '5260', '5270 ']","['2840', '4280', '2840', '2840', '4280', '2840', '4280', '2840', '4280', '2840', '2840', '2840', '2840', '1040', '2840', '2840', '2840', '2840', '2840', '2840', '2840', '2840', '2840', '2840', '2840', '2840', '4280', '2840', '4280', '2840', '4280', '2840', '2840', '2840', '2840', '2840', '2840', '2840', '2840', '4280', '2840', '2840', '2840', '2840', '2840', '2840', '2840', '2840', '2840', '2840', '2840', '2840', '2840', '2840', '2840', '2840', '2840', '2840', '2840', '2840', '2840', '2840', '2840', '2840', '2840', '2840', '2840', '2840', '2840', '2840', '2840', '2840', '2840', '2840', '2840', '2840', '2840', '2840', '2840', '2840', '2840', '2840', '2840', '2840', '2840', '2840', '2840', '2840', '2840', '2840', '2840', '2840', '2840', '2840', '2840', '2840', '2840', '2840', '2840', '2840 ']",0,,2021-11-09 15:51:27
2021-11-09,15:51:27,61323901,,116440 ,"['', '']","['', '']",,100 ,"['', '']",,,"['4743', '4743', '4745', '4900', '4900', '4901', '4901', '4902', '4902', '5660', '5620', '5622', '5625', '3845', '4700', '4701', '4702', '4840', '4841', '4842', '4843', '4844', '4860', '4861', '4862', '5700', '5700', '5701', '5701', '5702', '5702', '5820', '5860', '6000', '6020', '6080', '6100', '6120', '6180', '3853', '2380', '2420', '2421', '2422', '2423', '2880', '3800', '3801', '3802', '3880', '3881', '3882', '4620', '4650', '4700', '4701', '4702', '4740', '4741', '4742', '4743', '4745', '4780', '4781', '4782', '4783', '4784', '4785', '4786', '4840', '4841', '4842', '4843', '4844', '4860', '4861', '4862', '4880', '4900', '4901', '4902', '4960', '4972', '4973', '4974', '4975', '4983', '4984', '4985', '5020', '5060', '5061', '5062', '5101', '5160', '5220', '5221', '5222', '5260', '5270 ']","['2840', '4280', '2840', '2840', '4280', '2840', '4280', '2840', '4280', '2840', '2840', '2840', '2840', '1040', '2840', '2840', '2840', '2840', '2840', '2840', '2840', '2840', '2840', '2840', '2840', '2840', '4280', '2840', '4280', '2840', '4280', '2840', '2840', '2840', '2840', '2840', '2840', '2840', '2840', '4280', '2840', '2840', '2840', '2840', '2840', '2840', '2840', '2840', '2840', '2840', '2840', '2840', '2840', '2840', '2840', '2840', '2840', '2840', '2840', '2840', '2840', '2840', '2840', '2840', '2840', '2840', '2840', '2840', '2840', '2840', '2840', '2840', '2840', '2840', '2840', '2840', '2840', '2840', '2840', '2840', '2840', '2840', '2840', '2840', '2840', '2840', '2840', '2840', '2840', '2840', '2840', '2840', '2840', '2840', '2840', '2840', '2840', '2840', '2840', '2840 ']",0,,2021-11-09 15:51:27
2021-11-09,15:52:12,61323901,,126188 ,"['', '']","['', '']",,50 ,"['', '']",,,"['5280', '5290', '5320', '5340', '5380', '5420', '5440', '5460', '5480', '5500', '5510', '5511', '5512', '5520', '5570', '5580', '5620', '5622', '5625', '5630', '5660', '5700', '5701', '5702', '5740', '5741', '5742', '5780', '5800', '5820', '5840', '5860', '5880', '5900', '5920', '5940', '5960', '5980', '6000', '6020', '6040', '6060', '6080', '6100', '6120', '6140', '6160', '6180', '6190', '6210 ']","['2840', '2840', '2840', '2840', '2840', '2840', '2840', '2840', '2840', '2840', '2840', '2840', '2840', '2840', '2840', '2840', '2840', '2840', '2840', '2840', '2840', '2840', '2840', '2840', '2840', '2840', '2840', '2840', '2840', '2840', '2840', '2840', '2840', '2840', '2840', '2840', '2840', '2840', '2840', '2840', '2840', '2840', '2840', '2840', '2840', '2840', '2840', '2840', '2840', '2840 ']",0,,2021-11-09 15:52:12
2021-11-09,15:52:18,61323901,,126188 ,"['', '']","['', '']",,50 ,"['', '']",,,"['5280', '5290', '5320', '5340', '5380', '5420', '5440', '5460', '5480', '5500', '5510', '5511', '5512', '5520', '5570', '5580', '5620', '5622', '5625', '5630', '5660', '5700', '5701', '5702', '5740', '5741', '5742', '5780', '5800', '5820', '5840', '5860', '5880', '5900', '5920', '5940', '5960', '5980', '6000', '6020', '6040', '6060', '6080', '6100', '6120', '6140', '6160', '6180', '6190', '6210 ']","['2840', '2840', '2840', '2840', '2840', '2840', '2840', '2840', '2840', '2840', '2840', '2840', '2840', '2840', '2840', '2840', '2840', '2840', '2840', '2840', '2840', '2840', '2840', '2840', '2840', '2840', '2840', '2840', '2840', '2840', '2840', '2840', '2840', '2840', '2840', '2840', '2840', '2840', '2840', '2840', '2840', '2840', '2840', '2840', '2840', '2840', '2840', '2840', '2840', '2840 ']",0,,2021-11-09 15:52:18
2021-11-09,15:53:20,61323901,20651ED10A,,"['', '']",['20651-ED10A '],0 ,,"['', '']",,0,"['', '']","['', '']",,,2021-11-09 15:53:20
2021-11-09,15:53:57,61323901,,116439 ,"['', '']","['', '']",,100 ,"['', '']",,,"['4743', '4743', '4745', '4900', '4900', '4901', '4901', '4902', '4902', '5660', '5620', '5622', '5625', '3845', '4700', '4701', '4702', '4840', '4841', '4842', '4843', '4844', '4860', '4861', '4862', '5700', '5700', '5701', '5701', '5702', '5702', '5820', '5860', '6000', '6020', '6080', '6100', '6120', '6180', '3853', '2380', '2420', '2421', '2422', '2423', '2880', '3800', '3801', '3802', '3880', '3881', '3882', '4620', '4650', '4700', '4701', '4702', '4740', '4741', '4742', '4743', '4745', '4780', '4781', '4782', '4783', '4784', '4785', '4786', '4840', '4841', '4842', '4843', '4844', '4860', '4861', '4862', '4880', '4900', '4901', '4902', '4960', '4972', '4973', '4974', '4975', '4983', '4984', '4985', '5020', '5060', '5061', '5062', '5101', '5160', '5220', '5221', '5222', '5260', '5270 ']","['2840', '4280', '2840', '2840', '4280', '2840', '4280', '2840', '4280', '2840', '2840', '2840', '2840', '1040', '2840', '2840', '2840', '2840', '2840', '2840', '2840', '2840', '2840', '2840', '2840', '2840', '4280', '2840', '4280', '2840', '4280', '2840', '2840', '2840', '2840', '2840', '2840', '2840', '2840', '4280', '2840', '2840', '2840', '2840', '2840', '2840', '2840', '2840', '2840', '2840', '2840', '2840', '2840', '2840', '2840', '2840', '2840', '2840', '2840', '2840', '2840', '2840', '2840', '2840', '2840', '2840', '2840', '2840', '2840', '2840', '2840', '2840', '2840', '2840', '2840', '2840', '2840', '2840', '2840', '2840', '2840', '2840', '2840', '2840', '2840', '2840', '2840', '2840', '2840', '2840', '2840', '2840', '2840', '2840', '2840', '2840', '2840', '2840', '2840', '2840 ']",0,,2021-11-09 15:53:57
2021-11-09,15:53:58,61323901,20700000,,"['', '']",['20691-57E01 '],0 ,,"['', '']",,0,"['', '']","['', '']",,,2021-11-09 15:53:58
2021-11-09,15:54:59,61323901,,126188 ,"['', '']","['', '']",,100 ,"['', '']",,,"['2380', '2420', '2421', '2422', '2423', '2880', '3800', '3801', '3802', '3880', '3881', '3882', '4620', '4650', '4700', '4701', '4702', '4740', '4741', '4742', '4743', '4745', '4780', '4781', '4782', '4783', '4784', '4785', '4786', '4840', '4841', '4842', '4843', '4844', '4860', '4861', '4862', '4880', '4900', '4901', '4902', '4960', '4972', '4973', '4974', '4975', '4983', '4984', '4985', '5020', '5060', '5061', '5062', '5101', '5160', '5220', '5221', '5222', '5260', '5270', '5280', '5290', '5320', '5340', '5380', '5420', '5440', '5460', '5480', '5500', '5510', '5511', '5512', '5520', '5570', '5580', '5620', '5622', '5625', '5630', '5660', '5700', '5701', '5702', '5740', '5741', '5742', '5780', '5800', '5820', '5840', '5860', '5880', '5900', '5920', '5940', '5960', '5980', '6000', '6020 ']","['2840', '2840', '2840', '2840', '2840', '2840', '2840', '2840', '2840', '2840', '2840', '2840', '2840', '2840', '2840', '2840', '2840', '2840', '2840', '2840', '2840', '2840', '2840', '2840', '2840', '2840', '2840', '2840', '2840', '2840', '2840', '2840', '2840', '2840', '2840', '2840', '2840', '2840', '2840', '2840', '2840', '2840', '2840', '2840', '2840', '2840', '2840', '2840', '2840', '2840', '2840', '2840', '2840', '2840', '2840', '2840', '2840', '2840', '2840', '2840', '2840', '2840', '2840', '2840', '2840', '2840', '2840', '2840', '2840', '2840', '2840', '2840', '2840', '2840', '2840', '2840', '2840', '2840', '2840', '2840', '2840', '2840', '2840', '2840', '2840', '2840', '2840', '2840', '2840', '2840', '2840', '2840', '2840', '2840', '2840', '2840', '2840', '2840', '2840', '2840 ']",0,,2021-11-09 15:54:59
2021-11-09,15:55:11,61323901,,126188 ,"['', '']","['', '']",,10 ,"['', '']",,,"['6040', '6060', '6080', '6100', '6120', '6140', '6160', '6180', '6190', '6210 ']","['2840', '2840', '2840', '2840', '2840', '2840', '2840', '2840', '2840', '2840 ']",0,,2021-11-09 15:55:11
2021-11-09,15:55:38,61323901,,126188 ,"['', '']","['', '']",,10 ,"['', '']",,,"['6040', '6060', '6080', '6100', '6120', '6140', '6160', '6180', '6190', '6210 ']","['2840', '2840', '2840', '2840', '2840', '2840', '2840', '2840', '2840', '2840 ']",0,,2021-11-09 15:55:38
2021-11-09,15:56:06,61323901,,126188 ,"['', '']","['', '']",,10 ,"['', '']",,,"['6040', '6060', '6080', '6100', '6120', '6140', '6160', '6180', '6190', '6210 ']","['2840', '2840', '2840', '2840', '2840', '2840', '2840', '2840', '2840', '2840 ']",0,,2021-11-09 15:56:06
2021-11-09,15:56:58,61323901,,126188 ,"['', '']","['', '']",,10 ,"['', '']",,,"['6040', '6060', '6080', '6100', '6120', '6140', '6160', '6180', '6190', '6210 ']","['2840', '2840', '2840', '2840', '2840', '2840', '2840', '2840', '2840', '2840 ']",0,,2021-11-09 15:56:58
2021-11-09,15:57:57,61323901,20651ED10A,,"['', '']",['20651-ED10A '],0 ,,"['', '']",,0,"['', '']","['', '']",,,2021-11-09 15:57:57
2021-11-09,15:57:58,61323901,482033U025,,"['', '']",['48203-3U025 '],0 ,,"['', '']",,0,"['', '']","['', '']",,,2021-11-09 15:57:58
2021-11-09,15:58:13,61323901,,126188 ,"['', '']","['', '']",,10 ,"['', '']",,,"['6040', '6060', '6080', '6100', '6120', '6140', '6160', '6180', '6190', '6210 ']","['2840', '2840', '2840', '2840', '2840', '2840', '2840', '2840', '2840', '2840 ']",0,,2021-11-09 15:58:13
2021-11-09,15:28:38,61975601,1A16,,"['', '', '1A16', ' ']","['', '']",,,"['136849', '19', 'BMW', '8', 'BMW 116i 1600 HTB DOHC', '16995', '0001 0002', 'DBA-1A16', '1109', '1508', 'N13B16A', '1600']",,,"['', '']","['', '']",,,2021-11-09 15:28:38
2021-11-09,15:29:00,61381103,15199-0604,,"['15199', '0604', '', ' ']","['', '']",,,"['126004', '8', 'ｽｽﾞｷ', '11', 'ｷｬﾘｰ 660 ﾄﾗｯｸ DOHC', '15199', '0604', 'EBD-DA65T', '0601', '1005', 'K6A', '660']",,,"['', '']","['', '']",,,2021-11-09 15:29:00
2021-11-09,15:29:36,61381103,6000VV,,"['', '']",['6000VV '],0 ,,"['', '']",,0,"['', '']","['', '']",,,2021-11-09 15:29:36
2021-11-09,15:32:07,61873005,147500250,,"['', '']",['147500250 '],0 ,,"['', '']",,0,"['', '']","['', '']",,,2021-11-09 15:32:07
2021-11-09,15:35:07,61984901,PL7001,,"['', '']",['PL7001 '],0 ,,"['', '']",,0,"['', '']","['', '']",,,2021-11-09 15:35:07
2021-11-09,15:35:50,61385002,AY120NS022,,"['', '']",['AY120NS022 '],0 ,,"['', '']",,0,"['', '']","['', '']",,,2021-11-09 15:35:50
2021-11-09,15:37:12,61385002,AY020BF150,,"['', '']",['AY020BF150 '],0 ,,"['', '']",,0,"['', '']","['', '']",,,2021-11-09 15:37:12
2021-11-09,15:38:29,61385002,AY120NS022,,"['', '']",['AY120NS022 '],,,"['', '']",,,"['', '']","['', '']",,AY120NS022,2021-11-09 15:38:29
2021-11-09,15:38:29,61385002,AY120NS022,,"['', '']",['AY120NS022 '],,,"['', '']",,,"['', '']","['', '']",,AY120NS022,2021-11-09 15:38:29
2021-11-09,16:04:19,61385002,,116158 ,"['', '']","['', '']",,1 ,"['', '']",,,['1680 '],['2300 '],0,,2021-11-09 16:04:19
2021-11-09,16:04:19,61385002,,116158 ,"['', '']","['', '']",,1 ,"['', '']",,,['1680 '],['2300 '],0,,2021-11-09 16:04:19
2021-11-09,15:36:14,611R5603,09223-0227,,"['09223', '0227', '', ' ']","['', '']",,,"['100053', '8', 'ｽｽﾞｷ', '20', 'Kei 660 ﾀｰﾎﾞ', '9223', '0227', 'GF-HN11S', '0012', '0104', 'F6AT', '660']",,,"['', '']","['', '']",,,2021-11-09 15:36:14
2021-11-09,15:36:48,611R5603,1418375FC0,,"['', '']",['14183-75FC0 '],0 ,,"['', '']",,0,"['', '']","['', '']",,,2021-11-09 15:36:48
2021-11-09,15:56:16,611R5603,15702-0604,,"['15702', '0604', '', ' ']","['', '']",,,"['126782', '8', 'ｽｽﾞｷ', '20', 'Kei 660 DOHC ﾀｰﾎﾞ', '15702', '0604', 'ABA-HN22S', '0705', '0910', 'K6AT', '660']",,,"['', '']","['', '']",,,2021-11-09 15:56:16
2021-11-09,15:56:38,611R5603,1418260B00,,"['', '']",['14182-60B00 '],0 ,,"['', '']",,0,"['', '']","['', '']",,,2021-11-09 15:56:38
2021-11-09,15:36:21,216011,HTHVS50B24R,,"['', '']",['HTHVS50B24R '],0 ,,"['', '']",,0,"['', '']","['', '']",,,2021-11-09 15:36:21
2021-11-09,15:36:59,61141108,WK1093,,"['', '']",['WK1093 '],,,"['', '']",,,"['', '']","['', '']",,WK1093,2021-11-09 15:36:59
2021-11-09,15:37:48,610TB802,15421-0013,,"['15421', '013', '', ' ']","['', '']",,,"['123198', '1', 'ﾄﾖﾀ', '130', 'ｶﾛｰﾗ ﾌｨｰﾙﾀﾞｰ 1500 DOHC', '15421', '0013-0024 0028-0030 0034-0036 0040-0042', 'DBA-NZE141G', '0609', '1205', '1NZFE', '1500']",,,"['', '']","['', '']",,,2021-11-09 15:37:48
2021-11-09,15:38:50,219014,4882078A01,,"['', '']",['4882078A01 '],0 ,,"['', '']",,0,"['', '']","['', '']",,,2021-11-09 15:38:50
2021-11-09,15:38:50,219014,4882078A01,,"['', '']",['4882078A01 '],0 ,,"['', '']",,0,"['', '']","['', '']",,,2021-11-09 15:38:50
2021-11-09,15:59:58,219014,G951028040,,"['', '']",['G9510-28040 '],0 ,,"['', '']",,0,"['', '']","['', '']",,,2021-11-09 15:59:58
2021-11-09,16:00:50,219014,G951028040,,"['', '']",['G9510-28040 '],,,"['', '']",,,"['', '']","['', '']",,G951028040,2021-11-09 16:00:50
2021-11-09,16:00:54,219014,G951028040,,"['', '']",['G9510-28040 '],,,"['', '']",,,"['', '']","['', '']",,G951028040,2021-11-09 16:00:54
2021-11-09,15:40:57,61353701,H4502S7A901,,"['', '']",['H4502S7A901 '],0 ,,"['', '']",,0,"['', '']","['', '']",,,2021-11-09 15:40:57
2021-11-09,15:42:06,613N0604,38B20L,,"['', '']",['38B20L '],0 ,,"['', '']",,0,"['', '']","['', '']",,,2021-11-09 15:42:06
2021-11-09,15:42:54,61160302,KEA5W,,"['', '', 'KEA5W', ' ']","['', '']",,,[''],,,"['', '']","['', '']",,,2021-11-09 15:42:54
2021-11-09,15:43:06,61160302,KE5AW,,"['', '', 'KE5AW', ' ']","['', '']",,,"['141062', '4', 'ﾏﾂﾀﾞ', '58', 'CX-5 2500 DOHC', '17647', '0001 0002', 'DBA-KE5AW', '1310', '1501', 'PY-VPS', '2500']",,,"['', '']","['', '']",,,2021-11-09 15:43:06
2021-11-09,15:43:41,61188805,MK459895,,"['', '']",['MK459895 '],,,"['', '']",,,"['', '']","['', '']",,MK459895,2021-11-09 15:43:41
2021-11-09,15:43:52,61188805,MX949575,,"['', '']",['MX949575 '],,,"['', '']",,,"['', '']","['', '']",,MX949575,2021-11-09 15:43:52
2021-11-09,15:44:35,Demo0633,DBA4GCHVS,,"['', '', 'DBA4GCHVS', ' ']","['', '']",,,"['136521', '16', 'ｱｳﾃﾞｨ', '4', 'ｱｳﾃﾞｨ A6 ｱﾊﾞﾝﾄ 2800 DOHC', '17082', '0502 0504 0602 0604', 'DBA-4GCHVS', '1202', '1504', 'CHV(6CYL)', '2800']",,,"['', '']","['', '']",,,2021-11-09 15:44:35
2021-11-09,15:44:51,Demo0633,DBA4GCHVS,,"['', '', 'DBA4GCHVS', ' ']","['', '']",,,"['136521', '16', 'ｱｳﾃﾞｨ', '4', 'ｱｳﾃﾞｨ A6 ｱﾊﾞﾝﾄ 2800 DOHC', '17082', '0502 0504 0602 0604', 'DBA-4GCHVS', '1202', '1504', 'CHV(6CYL)', '2800']",,,"['', '']","['', '']",,,2021-11-09 15:44:51
2021-11-09,15:45:44,Demo0633,,,"['', '']",['null '],0 ,,"['', '']",,0,"['', '']","['', '']",,,2021-11-09 15:45:44
2021-11-09,15:46:46,Demo0633,,136521 ,"['', '']","['', '']",,11 ,"['', '']",,,"['1660', '1660', '6800', '6801', '6802', '6803', '6804', '6841', '6842', '6843', '6844 ']","['2300', '4060', '4060', '4060', '4060', '4060', '4060', '4060', '4060', '4060', '4060 ']",0,,2021-11-09 15:46:46
2021-11-09,15:47:04,Demo0633,,137506 ,"['', '']","['', '']",,11 ,"['', '']",,,"['1660', '1660', '6800', '6801', '6802', '6803', '6804', '6841', '6842', '6843', '6844 ']","['2300', '4060', '4060', '4060', '4060', '4060', '4060', '4060', '4060', '4060', '4060 ']",0,,2021-11-09 15:47:04
2021-11-09,15:44:53,61401510,1760422,,"['', '', '1760422', ' ']","['', '']",,,[''],,,"['', '']","['', '']",,,2021-11-09 15:44:53
2021-11-09,15:45:13,61401510,176042,,"['', '', '176042', ' ']","['', '']",,,"['139640', '17', 'ﾒﾙｾﾃﾞｽ', '14', 'ﾒﾙｾﾃﾞｽﾍﾞﾝﾂ A180 1600 ﾀｰﾎﾞ', '17485', '0002 0004 0012 0014 0102 0104 0112 0114', 'DBA-176042', '1301', '1810', '270', '1600']",,,"['', '']","['', '']",,,2021-11-09 15:45:13
2021-11-09,15:45:13,61401510,176042,,"['', '', '176042', ' ']","['', '']",,,"['139640', '17', 'ﾒﾙｾﾃﾞｽ', '14', 'ﾒﾙｾﾃﾞｽﾍﾞﾝﾂ A180 1600 ﾀｰﾎﾞ', '17485', '0002 0004 0012 0014 0102 0104 0112 0114', 'DBA-176042', '1301', '1810', '270', '1600']",,,"['', '']","['', '']",,,2021-11-09 15:45:13
2021-11-09,15:45:28,61401510,,,"['', '']",['null '],0 ,,"['', '']",,0,"['', '']","['', '']",,,2021-11-09 15:45:28
2021-11-09,15:44:54,187009,18183-0001,,"['18183', '0001', '', ' ']","['', '']",,,"['145109', '1', 'ﾄﾖﾀ', '143', 'ﾚｸｻｽRX 2000 DOHC ﾀｰﾎﾞ', '18183', '0001-0020 0021-0030', 'DBA-AGL20W', '1510', '1712', '8ARFTS', '2000']",,,"['', '']","['', '']",,,2021-11-09 15:44:54
2021-11-09,15:45:06,187009,,147181 ,"['', '']","['', '']",,25 ,"['', '']",,,"['1800', '1801', '1803', '1804', '1805', '1806', '1807', '1802', '1840', '1900', '1880', '1920', '1840', '1880', '1900', '1920', '1960', '2000', '2001', '2002', '2003', '2004', '2005', '2006', '2007 ']","['4260', '4260', '4260', '4260', '4260', '4260', '4260', '4260', '4260', '4260', '4260', '4260', '1040', '1040', '1040', '1040', '1040', '1040', '1040', '1040', '1040', '1040', '1040', '1040', '1040 ']",0,,2021-11-09 15:45:06
2021-11-09,15:47:47,221009,FC7JKKA,,"['', '', 'FC7JKKA', ' ']","['', '']",,,[''],,,"['', '']","['', '']",,,2021-11-09 15:47:47
2021-11-09,15:48:40,221009,11420,,"['', '', '11420', ' ']","['', '']",,,[''],,,"['', '']","['', '']",,,2021-11-09 15:48:40
2021-11-09,15:48:56,221009,FC7JKAA,,"['', '', 'FC7JKAA', ' ']","['', '']",,,"['137127', '13', '日野', '1', 'ﾚﾝｼﾞｬｰ 6400 DSL ﾀｰﾎﾞ', '0', '', 'SKG-FC7JKAA', '1107', '1204', 'J07ET', '6400']",,,"['', '']","['', '']",,,2021-11-09 15:48:56
2021-11-09,15:49:22,221009,8.79e+34,,"['', '']",['87910-E0030 '],0 ,,"['', '']",,0,"['', '']","['', '']",,,2021-11-09 15:49:22
2021-11-09,15:49:23,221009,S879041030,,"['', '']",['S8790-41030 '],0 ,,"['', '']",,0,"['', '']","['', '']",,,2021-11-09 15:49:23
2021-11-09,15:48:11,61947714,AES03/AFS03,,"['', '']","['AE-S03', 'AF-S03 ']",0 ,,"['', '']",,0,"['', '']","['', '']",,,2021-11-09 15:48:11
2021-11-09,15:48:38,617U2004,587832070,,"['', '']",['587832070 '],,,"['', '']",,,"['', '']","['', '']",,587832070,2021-11-09 15:48:38
2021-11-09,15:49:05,617U2004,897201061,,"['', '']",['897201061 '],,,"['', '']",,,"['', '']","['', '']",,897201061,2021-11-09 15:49:05
2021-11-09,15:49:21,617U2004,587832069,,"['', '']",['587832069 '],0 ,,"['', '']",,0,"['', '']","['', '']",,,2021-11-09 15:49:21
2021-11-09,15:49:48,617U2004,897142093,,"['', '']",['897142093 '],,,"['', '']",,,"['', '']","['', '']",,897142093,2021-11-09 15:49:48
2021-11-09,15:49:49,617U2004,897142093,,"['', '']",['897142093 '],0 ,,"['', '']",,0,"['', '']","['', '']",,,2021-11-09 15:49:49
2021-11-09,15:50:17,617U2004,894248117,,"['', '']",['894248117 '],0 ,,"['', '']",,0,"['', '']","['', '']",,,2021-11-09 15:50:17
2021-11-09,15:50:26,617U2004,894336316,,"['', '']",['894336316 '],0 ,,"['', '']",,0,"['', '']","['', '']",,,2021-11-09 15:50:26
2021-11-09,15:50:33,617U2004,894336317,,"['', '']",['894336317 '],0 ,,"['', '']",,0,"['', '']","['', '']",,,2021-11-09 15:50:33
2021-11-09,15:50:44,617U2004,897239810,,"['', '']",['897239810 '],0 ,,"['', '']",,0,"['', '']","['', '']",,,2021-11-09 15:50:44
2021-11-09,15:52:32,61141109,DC2663,,"['', '']",['DC2663 '],0 ,,"['', '']",,0,"['', '']","['', '']",,,2021-11-09 15:52:32
2021-11-09,15:52:32,214001,FBA20,,"['', '', 'FBA20', ' ']","['', '']",,,"['146257', '3', '三菱', '16', 'ｷｬﾝﾀｰ 3000', '0', '', 'TRG-FBA20', '1604', '1905', '4P10T', '3000']",,,"['', '']","['', '']",,,2021-11-09 15:52:32
2021-11-09,15:52:47,214001,FAB,,"['', '', 'FAB', ' ']","['', '']",,,[''],,,"['', '']","['', '']",,,2021-11-09 15:52:47
2021-11-09,15:52:56,61083213,BC5621,,"['', '']",['BC5621 '],,,"['', '']",,,"['', '']","['', '']",,BC5621,2021-11-09 15:52:56
2021-11-09,15:53:50,61083213,BC5621,,"['', '']",['BC5621 '],,,"['', '']",,,"['', '']","['', '']",,BC5621,2021-11-09 15:53:50
2021-11-09,15:52:57,61131207,TBMT002,,"['', '']",['TBM-T002 '],0 ,,"['', '']",,0,"['', '']","['', '']",,,2021-11-09 15:52:57
2021-11-09,15:53:16,61764201,18096-0004,,"['18096', '0004', '', ' ']","['', '']",,,"['151044', '8', 'ｽｽﾞｷ', '43', 'ﾊｽﾗｰ 660 DOHC', '18096', '0004', 'DAA-MR41S', '1807', '1912', 'R06A', '660']",,,"['', '']","['', '']",,,2021-11-09 15:53:16
2021-11-09,15:54:11,61764201,,150421 ,"['', '']","['', '']",,8 ,"['', '']",,,"['1800', '1801', '1803', '1804', '1805', '1806', '1807', '1802 ']","['4260', '4260', '4260', '4260', '4260', '4260', '4260', '4260 ']",0,,2021-11-09 15:54:11
2021-11-09,15:53:48,200006,16010-0014,,"['16010', '0014', '', ' ']","['', '']",,,"['126787', '6', 'ﾀﾞｲﾊﾂ', '34', 'ﾀﾝﾄ 660 DOHC', '16010', '0005 0014 0024', 'DBA-L375S', '0712', '1010', 'KFVE', '660']",,,"['', '']","['', '']",,,2021-11-09 15:53:48
2021-11-09,15:56:07,200006,04425B2220,,"['', '']",['04425-B2220 '],0 ,,"['', '']",,0,"['', '']","['', '']",,,2021-11-09 15:56:07
2021-11-09,15:57:12,200006,16010-0014,,"['16010', '0014', '', ' ']","['', '']",,,"['126787', '6', 'ﾀﾞｲﾊﾂ', '34', 'ﾀﾝﾄ 660 DOHC', '16010', '0005 0014 0024', 'DBA-L375S', '0712', '1010', 'KFVE', '660']",,,"['', '']","['', '']",,,2021-11-09 15:57:12
2021-11-09,15:57:20,200006,,143744 ,"['', '']","['', '']",,12 ,"['', '']",,,"['1020', '1021', '1022', '1060', '1061', '1062', '1100', '1140', '1101', '1141', '1102', '1142 ']","['3200', '3200', '3200', '3200', '3200', '3200', '3200', '3200', '3200', '3200', '3200', '3200 ']",0,,2021-11-09 15:57:20
2021-11-09,15:58:47,200006,,143744 ,"['', '']","['', '']",,12 ,"['', '']",,,"['1020', '1021', '1022', '1060', '1061', '1062', '1100', '1140', '1101', '1141', '1102', '1142 ']","['3200', '3200', '3200', '3200', '3200', '3200', '3200', '3200', '3200', '3200', '3200', '3200 ']",0,,2021-11-09 15:58:47
2021-11-09,16:02:58,200006,,134827 ,"['', '']","['', '']",,100 ,"['', '']",,,"['6790', '6791', '6792', '6793', '6794', '6795', '6796', '6797', '6780', '6781', '6782', '6783', '6784', '6785', '6786', '6787', '6788', '6789', '6790', '6791', '6792', '6793', '6794', '6795', '6796', '6797', '6780', '6781', '6782', '6783', '6784', '6785', '6786', '6787', '6788', '6789', '6790', '6791', '6792', '6793', '6794', '6795', '6796', '6797', '6780', '6781', '6782', '6783', '6784', '6785', '6786', '6787', '6788', '6789', '6790', '6791', '6792', '6793', '6794', '6795', '6796', '6797', '6780', '6781', '6782', '6783', '6784', '6785', '6786', '6787', '6788', '6789', '6790', '6791', '6792', '6793', '6794', '6795', '6796', '6797', '6780', '6781', '6782', '6783', '6784', '6785', '6786', '6787', '6788', '6789', '6790', '6791', '6792', '6793', '6794', '6795', '6796', '6797', '6780', '6781 ']","['0060', '0060', '0060', '0060', '0060', '0060', '0060', '0060', '0070', '0070', '0070', '0070', '0070', '0070', '0070', '0070', '0070', '0070', '0070', '0070', '0070', '0070', '0070', '0070', '0070', '0070', '0080', '0080', '0080', '0080', '0080', '0080', '0080', '0080', '0080', '0080', '0080', '0080', '0080', '0080', '0080', '0080', '0080', '0080', '0090', '0090', '0090', '0090', '0090', '0090', '0090', '0090', '0090', '0090', '0090', '0090', '0090', '0090', '0090', '0090', '0090', '0090', '0100', '0100', '0100', '0100', '0100', '0100', '0100', '0100', '0100', '0100', '0100', '0100', '0100', '0100', '0100', '0100', '0100', '0100', '0110', '0110', '0110', '0110', '0110', '0110', '0110', '0110', '0110', '0110', '0110', '0110', '0110', '0110', '0110', '0110', '0110', '0110', '0120', '0120 ']",0,,2021-11-09 16:02:58
2021-11-09,16:02:59,200006,T10,,"['', '']",['T10 '],0 ,,"['', '']",,0,"['', '']","['', '']",,,2021-11-09 16:02:59
2021-11-09,15:57:03,619R9102,,136798 ,"['', '']","['', '']",,13 ,"['', '']",,,"['1020', '1020', '1020', '1021', '1021', '1021', '1023', '1025', '1022', '1022', '1022', '1024', '1026 ']","['3200', '2260', '4060', '3200', '2260', '4060', '2260', '2260', '3200', '2260', '4060', '2260', '2260 ']",0,,2021-11-09 15:57:03
2021-11-09,15:59:58,619R9102,16294-0036,,"['16294', '0036', '', ' ']","['', '']",,,"['136798', '1', 'ﾄﾖﾀ', '75', 'ﾌﾟﾘｳｽ 1800 ﾊｲﾌﾞﾘｯﾄ DOHC', '16294', '0031-0035 0036 0037-0049 0050-0054', 'DAA-ZVW30', '1112', '1511', '2ZRFXE', '1800']",,,"['', '']","['', '']",,,2021-11-09 15:59:58
2021-11-09,16:00:11,61073803,1A0234400,,"['', '']",['1A0234400 '],0 ,,"['', '']",,0,"['', '']","['', '']",,,2021-11-09 16:00:11
2021-11-09,16:01:46,615F3401,12947055700,,"['', '']",['12947055700 '],,,"['', '']",,,"['', '']","['', '']",,12947055700,2021-11-09 16:01:46
2021-11-09,16:02:44,61944603,15997-1050,,"['15997', '1050', '', ' ']","['', '']",,,"['129128', '7', 'ｽﾊﾞﾙ', '17', 'ﾌｫﾚｽﾀｰ 2000 DOHC', '15997', '1050 1058 1062', 'DBA-SH5', '0709', '0811', 'EJ204', '2000']",,,"['', '']","['', '']",,,2021-11-09 16:02:44
2021-11-09,16:03:04,61944603,45119SC000,,"['', '']",['45119-SC000 '],0 ,,"['', '']",,0,"['', '']","['', '']",,,2021-11-09 16:03:04
2021-11-09,16:03:04,61944603,45119SC000,,"['', '']",['45119-SC000 '],0 ,,"['', '']",,0,"['', '']","['', '']",,,2021-11-09 16:03:04
2021-11-09,16:03:23,61133205,17714-0007,,"['17714', '007', '', ' ']","['', '']",,,"['141488', '3', '三菱', '23', 'ﾐﾆｷｬﾌﾞ 660 ﾊﾞﾝ', '17714', '0007', 'HBD-DS64V', '1402', '1503', 'K6A', '660']",,,"['', '']","['', '']",,,2021-11-09 16:03:23
2021-11-09,16:04:00,61133205,17714-0007,,"['17714', '007', '', ' ']","['', '']",,,"['141488', '3', '三菱', '23', 'ﾐﾆｷｬﾌﾞ 660 ﾊﾞﾝ', '17714', '0007', 'HBD-DS64V', '1402', '1503', 'K6A', '660']",,,"['', '']","['', '']",,,2021-11-09 16:04:00
2021-11-09,16:04:26,61133205,J9061M,,"['', '']",['J9061M '],0 ,,"['', '']",,0,"['', '']","['', '']",,,2021-11-09 16:04:26
2021-11-09,16:04:43,61133205,U40B,,"['', '']",['U40B '],0 ,,"['', '']",,0,"['', '']","['', '']",,,2021-11-09 16:04:43
2021-11-09,16:04:43,61133205,U40B,,"['', '']",['U40B '],0 ,,"['', '']",,0,"['', '']","['', '']",,,2021-11-09 16:04:43
2021-11-09,16:04:31,61791403,7289378A00,,"['', '']",['7289378A00 '],,,"['', '']",,,"['', '']","['', '']",,7289378A00,2021-11-09 16:04:31
